variable,n,mean,sd,median,q1,q3,min,max
age,100,72.24,6.546060578004842,71.5,67,77,55,86
bmi_kg_m2,100,31.21,3.728934096353742,31,28.75,34,24,39
creatinine_mg_dl,100,1.332,0.5183267562673435,1.2,0.9,1.6,0.8,2.9
dbp,100,78.3,3.9632146935373957,78,74,82,72,86
duration_dm_years,100,5.769999999999996,6.6208348828115735,3,0,11,0,24
egfr_ml_min_1_73m2,100,59.04999999999999,21.934417860264425,58,38,78,20,94
hba1c_percent,100,8.292,0.7100547709703657,8.2,7.9,8.7,6.8,10.4
hdl_cholesterol_mg_dl,100,45.26,4.116043996584367,44,42,48,40,58
ldl_cholesterol_mg_dl,100,103.96,14.452933014695414,107,92,116,68,128
sbp,100,135.54,5.831679419214064,136,130,140,124,148
total_cholesterol_mg_dl,100,188.4,14.156413401848663,188,178,198,154,218
triglycerides_mg_dl,100,189.22,27.776736142086072,182,172,204,136,256
uacr_mg_g,100,160.66,153.50926797276884,74,26,280,10,520
