chunk_id,source_type,recommendation_id,source_page,condition,drug_class,clinical_trigger,action_type,rule_strength,evidence_grade,summary_text,retrieval_keywords
ADA2026_REC_9_7_ASCVD_GLP1_SGLT2,recommendation,9.7,8,ASCVD or high CVD risk,GLP-1 RA; SGLT2 inhibitor,established ASCVD or high CVD risk,include,strong_recommend,A,"For type 2 diabetes with established or high ASCVD risk, include a GLP-1 RA and/or SGLT2 inhibitor with cardiovascular benefit irrespective of A1c.",ASCVD CVD GLP-1 SGLT2 cardiovascular benefit
ADA2026_REC_9_8_HF_SGLT2,recommendation,9.8,8,Heart failure,SGLT2 inhibitor,heart failure with reduced or preserved ejection fraction,recommend,strong_recommend,A,"For type 2 diabetes with heart failure, recommend an SGLT2 inhibitor for glycemic management and prevention of HF hospitalization irrespective of A1c.",heart failure HFpEF HFrEF SGLT2
ADA2026_REC_9_10_CKD_SGLT2_GLP1,recommendation,9.10,8,CKD,SGLT2 inhibitor; GLP-1 RA,eGFR 20-60 or albuminuria,use,strong_recommend,A,"For type 2 diabetes with CKD, use an SGLT2 inhibitor or GLP-1 RA with demonstrated benefit for glycemic management, CKD progression, and cardiovascular event reduction.",CKD eGFR albuminuria SGLT2 GLP-1
ADA2026_REC_9_11_ADV_CKD_GLP1,recommendation,9.11,8,Advanced CKD,GLP-1 RA,eGFR below 30,prefer,strong_recommend,B/C,"For type 2 diabetes with advanced CKD, GLP-1 RA is preferred for glycemic management because of lower hypoglycemia risk and cardiovascular benefit.",advanced CKD eGFR <30 GLP-1
ADA2026_REC_9_18_DPP4_GLP1_AVOID,recommendation,9.18,10,Medication combination,DPP-4 inhibitor; GLP-1 RA,concurrent DPP-4 inhibitor and GLP-1 RA,avoid,hard_avoid_if_combined,B,Concurrent DPP-4 inhibitor use with GLP-1 RA or dual GIP/GLP-1 RA is not recommended because it adds no glucose-lowering benefit.,DPP-4 GLP-1 combination avoid
ADA2026_REC_9_20_INSULIN_SEVERE_HYPERGLYCEMIA,recommendation,9.20,10,Severe hyperglycemia,insulin,"symptoms, A1c >10, or glucose >=300",consider,preference_sensitive,E,Insulin initiation should be considered when symptoms are present or A1c/glucose levels are very high.,insulin A1c >10 glucose 300 symptoms
ADA2026_REC_9_21_GLP1_BEFORE_INSULIN,recommendation,9.21,10,Injectable therapy,GLP-1 RA,no severe hyperglycemia or crisis,prefer,strong_recommend,A,"Without severe hyperglycemia or crisis, GLP-1-based therapy is preferred to insulin for initial or add-on glucose-lowering therapy.",GLP-1 before insulin injectable therapy
ADA2026_REC_9_22_GLP1_WITH_INSULIN,recommendation,9.22,10,Insulin combination,GLP-1 RA; insulin,insulin is used,combine_or_reassess,strong_recommend,A,"If insulin is used, GLP-1 RA combination is recommended for glycemic effectiveness and benefits on weight and hypoglycemia risk; insulin dosing should be reassessed.",insulin GLP-1 combination dose reassess
ADA2026_METFORMIN_EGFR_RATIONALE,rationale,NA,15,Kidney function,metformin,eGFR below 30 or eGFR 30-45,avoid_or_caution,hard_avoid,NA,"Metformin is generally safe at eGFR >=30; risk rises when eGFR is below 30, and eGFR 30-45 warrants caution.",metformin eGFR 30 lactic acidosis kidney
