rule_id,source_figure_or_recommendation,source_page,trigger_logic,condition,drug_class,expected_action,expected_dose_label,rule_strength,exception_variables,supporting_chunk_ids,reason_template
ADA2026_RULE_METFORMIN_EGFR_LT30,Metformin rationale/Table 9.2,"11, 15",egfr_ml_min_1_73m2 < 30,advanced CKD,metformin,avoid_or_stop,do_not_use,hard_avoid,none,ADA2026_METFORMIN_EGFR_RATIONALE,"eGFR is below 30, so metformin should be avoided or stopped."
ADA2026_RULE_METFORMIN_EGFR_GE30_BASELINE,Metformin rationale/Table 9.2,"11, 15",egfr_ml_min_1_73m2 >= 30 and baseline_metformin,CKD caution,metformin,continue_allowed_or_renal_caution,same_or_reduced_dose,caution,GI intolerance; low eGFR trend,ADA2026_METFORMIN_EGFR_RATIONALE,eGFR is at least 30 and metformin is already used; continuation is allowed with kidney caution.
ADA2026_RULE_HF_SGLT2I,Recommendation 9.8/Figure 9.4,8,heart_failure,heart failure,SGLT2 inhibitor,recommend,standard_starting_dose_if_eligible,strong_recommend,GU infection; intolerance; cost,ADA2026_REC_9_8_HF_SGLT2,Heart failure supports SGLT2 inhibitor use if eligible.
ADA2026_RULE_CKD_SGLT2I_OR_GLP1RA,Recommendation 9.10/Figure 9.4,8,ckd_or_albuminuria and sglt2i_eligible_by_egfr,CKD/albuminuria,SGLT2 inhibitor,recommend_or_consider,standard_starting_dose_if_eligible,strong_recommend,GU infection; intolerance; cost,ADA2026_REC_9_10_CKD_SGLT2_GLP1,CKD or albuminuria with eGFR above threshold supports SGLT2 inhibitor consideration.
ADA2026_RULE_ADVANCED_CKD_GLP1RA,Recommendation 9.11/Figure 9.4,8,advanced_ckd,advanced CKD,GLP-1 RA,prefer_or_consider,standard_starting_dose,strong_recommend,severe GI intolerance; pancreatitis risk,ADA2026_REC_9_11_ADV_CKD_GLP1,Advanced CKD supports GLP-1 RA preference for glycemic management.
ADA2026_RULE_ASCVD_GLP1RA,Recommendation 9.7/Figure 9.4,8,ascvd,ASCVD,GLP-1 RA,consider,standard_starting_dose,strong_recommend,severe GI intolerance; pancreatitis risk,ADA2026_REC_9_7_ASCVD_GLP1_SGLT2,ASCVD supports GLP-1 RA consideration for cardiovascular benefit.
ADA2026_RULE_ASCVD_SGLT2I,Recommendation 9.7/Figure 9.4,8,ascvd,ASCVD,SGLT2 inhibitor,consider,standard_starting_dose_if_eligible,strong_recommend,GU infection; intolerance; cost,ADA2026_REC_9_7_ASCVD_GLP1_SGLT2,ASCVD supports SGLT2 inhibitor consideration for cardiovascular benefit.
ADA2026_RULE_OBESITY_MASH_GLP1RA,Figure 9.4/Table 9.2,"9, 12",obesity or mash_or_masld,weight/MASLD/MASH,GLP-1 RA,consider,standard_starting_dose,preference_sensitive,injection reluctance; severe GI intolerance; cost,ADA2026_REC_9_7_ASCVD_GLP1_SGLT2,Obesity or MASLD/MASH supports GLP-1 RA consideration.
ADA2026_RULE_DPP4_WITH_GLP1_AVOID,Recommendation 9.18,10,glp1_expected and baseline_dpp4i,GLP-1 + DPP-4 combination,DPP-4 inhibitor,stop_or_avoid,do_not_use_with_glp1,hard_avoid_if_combined,none,ADA2026_REC_9_18_DPP4_GLP1_AVOID,"If GLP-1 RA is expected and DPP-4 inhibitor is present, stop or avoid DPP-4 inhibitor."
ADA2026_RULE_A1C_GT10_INSULIN_CONSIDER,Recommendation 9.20,10,severe_hyperglycemia,severe hyperglycemia,insulin,consider,individualized,preference_sensitive,GLP-1 option if no crisis,ADA2026_REC_9_20_INSULIN_SEVERE_HYPERGLYCEMIA,Very high A1c supports considering insulin.
ADA2026_RULE_INSULIN_ADV_CKD_CAUTION,Table 9.2,14,baseline_insulin and advanced_ckd,advanced CKD on insulin,insulin,dose_caution_or_deintensify,individualized_lower_dose_possible,caution,clinical response,ADA2026_REC_9_22_GLP1_WITH_INSULIN,Insulin doses may need reduction as eGFR decreases.
ADA2026_RULE_PRANDIAL_INSULIN_SIMPLE_REGIMEN,Person-centered treatment,8,baseline_prandial_insulin and simple_regimen_preference,regimen simplification,prandial insulin,consider_deintensification,individualized,preference_sensitive,glycemic control needs,ADA2026_REC_9_5_PERSON_CENTERED,Prandial insulin deintensification may align with simple-regimen preference if clinically appropriate.
