case_id,n_models_observed,expected_n_models,complete_case_id
DM020,3,3,TRUE
DM021,3,3,TRUE
DM022,3,3,TRUE
DM023,3,3,TRUE
DM024,3,3,TRUE
DM025,3,3,TRUE
DM026,3,3,TRUE
DM027,3,3,TRUE
DM028,3,3,TRUE
DM029,3,3,TRUE
DM030,3,3,TRUE
DM031,3,3,TRUE
DM032,3,3,TRUE
DM033,3,3,TRUE
DM034,3,3,TRUE
DM035,3,3,TRUE
DM036,3,3,TRUE
DM037,3,3,TRUE
DM038,3,3,TRUE
DM039,3,3,TRUE
DM040,3,3,TRUE
DM041,3,3,TRUE
DM042,3,3,TRUE
DM043,3,3,TRUE
DM044,3,3,TRUE
DM045,3,3,TRUE
DM046,3,3,TRUE
DM047,3,3,TRUE
DM048,3,3,TRUE
DM049,3,3,TRUE
DM050,3,3,TRUE
DM051,3,3,TRUE
DM052,3,3,TRUE
DM053,3,3,TRUE
DM054,3,3,TRUE
DM055,3,3,TRUE
DM056,3,3,TRUE
DM057,3,3,TRUE
DM058,3,3,TRUE
DM059,3,3,TRUE
DM060,3,3,TRUE
DM061,3,3,TRUE
DM062,3,3,TRUE
DM063,3,3,TRUE
DM064,3,3,TRUE
DM065,3,3,TRUE
DM066,3,3,TRUE
DM067,3,3,TRUE
DM068,3,3,TRUE
DM069,3,3,TRUE
DM070,3,3,TRUE
DM071,3,3,TRUE
DM072,3,3,TRUE
DM073,3,3,TRUE
DM074,3,3,TRUE
DM075,3,3,TRUE
DM076,3,3,TRUE
DM077,3,3,TRUE
DM078,3,3,TRUE
DM079,3,3,TRUE
DM080,3,3,TRUE
DM081,3,3,TRUE
DM082,3,3,TRUE
DM083,3,3,TRUE
DM084,3,3,TRUE
DM089,3,3,TRUE
DM090,3,3,TRUE
DM091,3,3,TRUE
DM092,3,3,TRUE
DM093,3,3,TRUE
DM094,3,3,TRUE
DM095,3,3,TRUE
DM096,3,3,TRUE
DM097,3,3,TRUE
DM098,3,3,TRUE
DM099,3,3,TRUE
DM100,3,3,TRUE
DM101,3,3,TRUE
DM102,3,3,TRUE
DM103,3,3,TRUE
DM104,3,3,TRUE
DM105,3,3,TRUE
DM106,3,3,TRUE
DM107,3,3,TRUE
DM108,3,3,TRUE
DM109,3,3,TRUE
DM110,3,3,TRUE
DM111,3,3,TRUE
DM112,3,3,TRUE
DM113,3,3,TRUE
DM114,3,3,TRUE
DM115,3,3,TRUE
DM116,3,3,TRUE
DM117,3,3,TRUE
DM118,3,3,TRUE
DM119,3,3,TRUE
DM120,3,3,TRUE
DM121,3,3,TRUE
