outcome,term,estimate,std.error,statistic,p.value,conf.low,conf.high
metformin_active,(Intercept),178278.72535991578,4817.411546239808,0.0025098755548132157,0.9979974111478214,1.2854094184879029e-26,13555299184738937e21
metformin_active,model_shortClaude Sonnet 4.6,0.5861568423312641,0.4251793479546872,-1.2563354235262696,0.2089943838238895,0.2512688745739573,1.3407013435051045
metformin_active,model_shortGPT-5.4,2.1722779689487064,0.447725810526184,1.732704155046994,0.08314826563088439,0.9137855177234732,5.335319724247545
metformin_active,egfr_cat30-44,776180994.4363343,1480.6909665079675,0.01382455674696255,0.9889699509536056,5.233924920969818e-16,7688955586784166e223
metformin_active,egfr_cat45-59,1814282926.4256215,1480.6908824165941,0.014397978942062906,0.9885124717942757,7.556785598518471e-15,3883379315025118e228
metformin_active,egfr_cat>=60,16902979205.685007,1480.6914051537408,0.015905242406167645,0.987309987696863,5.5169367078314167e-14,9508586012459523e228
metformin_active,hba1c_cat7-7.9,5.414678826514949e-8,3509.98378487382,-0.004766850276966783,0.9961966181643079,0,1434928759068903e33
metformin_active,hba1c_cat8-8.9,2.1927707948139457e-8,3509.9837770498566,-0.00502438641227289,0.9959911365210784,0,6447985941071213e31
metformin_active,hba1c_cat9-9.9,1.0324434238161733e-7,3509.9838679181635,-0.004582974739277938,0.9963433280135661,0,7992955326184155e35
metformin_active,hba1c_cat>=10,1.3435272328306724,4639.029998201088,6.365520788747907e-5,0.9999492104924462,5.3667053049544825e-31,15811310050664384e15
metformin_active,bmi_cat25-29.9,0.7206954207491831,1.355350437586731,-0.2416634560935469,0.80904094814038,0.0535739839987299,18.089002153285993
metformin_active,bmi_cat30-34.9,0.5630534092784679,1.3594331162241948,-0.42251493139561924,0.6726492044659389,0.04151088962594894,14.201693674765442
metformin_active,bmi_cat>=35,0.4967130868680184,1.4782862131762486,-0.47334724720327265,0.6359654592142251,0.029031548289191814,14.618919494747198
metformin_active,heart_failure_presentYes,0.18703630862507065,0.7264951948490459,-2.3075892711896113,0.02102199180800287,0.03935387409965629,0.7207633411164877
metformin_active,chronic_kidney_diseaseYes,3.2592484305564797,1.1669524697792601,1.0124633664376672,0.31131655392271956,0.43889214956902733,67.33827887834974
metformin_active,gi_distress_historyYes,0.9363392555998785,0.9415416623771257,-0.06986139672732673,0.9443039789726959,0.14393044685936504,6.345233047105491
metformin_active,gu_infection_historyYes,5.6864712389671315,1.120090441628011,1.5517406650923131,0.12072428835803642,0.8934071604125451,112.27531741484397
metformin_active,financial_limitationsNo,3.3630318481138692,0.6812030515199322,1.7804425569688307,0.0750035623140867,0.9578683363350258,14.635351029876796
metformin_active,financial_limitationsTRUE,549125926.9673302,6081.736880486214,0.0033088965773755553,0.9973598873252956,0,NA
metformin_active,financial_limitationsYes,4.952671822630532,1.4908409921352042,1.0731709159791425,0.2831944373872217,0.37243028078508034,176.67426409385936
metformin_active,reluctant_injectionsNo,4.454256240179512e-8,2948.7315877721117,-0.005740373493679284,0.9954198697701547,0,8341162417387172e27
metformin_active,reluctant_injectionsYes,3.5580958285986415e-7,2948.7319039776535,-0.005035679950683357,0.9959821256951371,0,2495653675257936e30
sglt2i_active,(Intercept),2.233756452700928e-9,775.8452277439607,-0.025674684135973937,0.9795168163320798,6.159660768923458e-141,99.7091582278172
sglt2i_active,model_shortClaude Sonnet 4.6,0.4493914775072469,0.37103286745354536,-2.155768272117307,0.031101764111047404,0.21437482876513758,0.9224281286519957
sglt2i_active,model_shortGPT-5.4,0.5136451474402851,0.36910663552028333,-1.8049597662636978,0.07108097818294673,0.24641679768345254,1.0522321722843515
sglt2i_active,egfr_cat30-44,40.44174450090937,0.7801431123622109,4.74254335210837,2.1105164548294665e-6,9.88641812900284,219.23810429517002
sglt2i_active,egfr_cat45-59,52.89983687994279,0.6595535111214662,6.016798013184567,1.7790083241160607e-9,15.701437876425528,212.21224808123182
sglt2i_active,egfr_cat>=60,2.6860334934459247,1.0469299901760958,0.9437742513178526,0.3452850211827498,0.28591928129303423,20.17578590824022
sglt2i_active,hba1c_cat7-7.9,14994083.125567306,775.8424499752379,0.021297063886461992,0.9830086859882938,3.4822305465021835e-20,NA
sglt2i_active,hba1c_cat8-8.9,27123496.815682936,775.8424322721672,0.0220610658033095,0.9823992438994252,5.81083446480316e-20,NA
sglt2i_active,hba1c_cat9-9.9,37383739.04622946,775.842595065031,0.022474592776794755,0.9820693789070988,1.9099999015273496e-19,NA
sglt2i_active,hba1c_cat>=10,32444213.38290838,775.8426008723117,0.02229193478376386,0.9822150823953824,1.1332950646015588e-4,44243839940068574e118
sglt2i_active,bmi_cat25-29.9,7.949138016574437,1.4256135179465055,1.4541553310926376,0.14590324610111283,0.293912458758012,128.1350131424739
sglt2i_active,bmi_cat30-34.9,3.3185841462568844,1.4017996974473892,0.8557130039199704,0.39215654554184287,0.12599640966569378,50.44406296536144
sglt2i_active,bmi_cat>=35,3.9266414229921334,1.4809802295218355,0.9235669953519168,0.35571180429229554,0.13450477019627605,69.70933195400424
sglt2i_active,heart_failure_presentYes,1.437443062948202,0.8366695883564337,0.4337027299317708,0.6645043239647532,0.282370432756802,8.269115238803442
sglt2i_active,chronic_kidney_diseaseYes,0.564849765452741,0.9339946696817383,-0.6115618253389544,0.5408277017077163,0.0709892116979317,3.316659810321852
sglt2i_active,gi_distress_historyYes,0.44896999372778323,0.5863144118636489,-1.3658187593269444,0.17199585684257956,0.1392235546266929,1.4040832967863914
sglt2i_active,gu_infection_historyYes,0.2684792638841929,0.7067133352861683,-1.8607001337602962,0.06278653496368694,0.055704495880157155,0.9641987721748276
sglt2i_active,financial_limitationsNo,1.1070707364523018,0.5229718603940118,0.1944990899560716,0.8457851082318284,0.40046109774520594,3.1430335016929427
sglt2i_active,financial_limitationsTRUE,0.23036829823931124,1.343876680538508,-1.092418653686693,0.27464912761133264,0.01732439703409861,5.675754568818543
sglt2i_active,financial_limitationsYes,0.42365499495023806,0.9876235139383485,-0.8695984188416435,0.3845199021730064,0.050966081291723364,2.761969083377272
sglt2i_active,reluctant_injectionsNo,2.407710653150546,0.8683635242370912,1.0118761728815218,0.3115972631428572,0.46717323450920434,15.057278090751177
sglt2i_active,reluctant_injectionsYes,2.8960898235315686,1.0191276977119512,1.043403582144479,0.2967614151879084,0.408097711361916,23.38172188777828
glp1_active,(Intercept),1.2750565728877115e-16,2526.5802270919494,-0.014485338936381402,0.9884427758719218,0,4811436514397114e6
glp1_active,model_shortClaude Sonnet 4.6,0.49657852813618364,0.37966632144347967,-1.843760178479125,0.06521809850822763,0.23251334687134503,1.0364000376921008
glp1_active,model_shortGPT-5.4,0.22173928878576601,0.38343281602389995,-3.928336071196764,8.553562513109722e-5,0.10213250304321979,0.4617086310004635
glp1_active,egfr_cat30-44,0.5451166161136507,0.5756366574181873,-1.0540599262894428,0.2918554817279966,0.17372704796474592,1.6804230981325328
glp1_active,egfr_cat45-59,0.3176239743722803,0.524274695425205,-2.1875689908495457,0.028701012669503735,0.1109205519622705,0.874506058210768
glp1_active,egfr_cat>=60,1.0167337844131328,1.267149123236717,0.013096577919183474,0.9895507413898735,0.10536308334259692,23.42575112899727
glp1_active,hba1c_cat7-7.9,13249681.690375121,1242.3505270203827,0.013200367955791083,0.9894679360802336,3.945390165360932e-36,NA
glp1_active,hba1c_cat8-8.9,96301017.9936432,1242.3505295876569,0.01479694257777615,0.9881941787848055,1.6133293758809058e-35,NA
glp1_active,hba1c_cat9-9.9,84612893.03830498,1242.3506474931053,0.01469279003458323,0.9882772714578251,1.0277290395996202e-34,NA
glp1_active,hba1c_cat>=10,196301519.30964535,1242.3508070653972,0.015370185530812685,0.9877368491166382,1.6360220523804066e-33,NA
glp1_active,bmi_cat25-29.9,133628190.0787856,2200.0385616029275,0.008504656294187894,0.993214347848139,8.3175635030888e-117,NA
glp1_active,bmi_cat30-34.9,75855840.3831228,2200.0385564230833,0.008247285124590128,0.9934196931268712,4.475696854938069e-117,NA
glp1_active,bmi_cat>=35,415806631.7692764,2200.038628938384,0.009020628375174712,0.9928026775006116,1.093376046519451e-115,NA
glp1_active,heart_failure_presentYes,3.6346139717653743,0.5874281463212638,2.1968693802624277,0.02802977623554697,1.1739171422262729,12.003462280999587
glp1_active,chronic_kidney_diseaseYes,2.352780213345545,1.227599587299013,0.6969680563937413,0.4858227849121519,0.27736742031647477,52.2094697276573
glp1_active,gi_distress_historyYes,0.3150880702803721,0.6673715696604777,-1.7305248583332569,0.08353654384847221,0.07981623773488651,1.1182550399326818
glp1_active,gu_infection_historyYes,0.9914349053671987,0.6497144858103255,-0.013239639943344959,0.9894366043057177,0.2882522656965669,3.8152309192082416
glp1_active,financial_limitationsNo,1.23140575679859,0.5452522826011615,0.3817616452588455,0.7026381704842638,0.4260553259624828,3.6670696877903475
glp1_active,financial_limitationsTRUE,0.5006139010845311,1.3313320160149398,-0.5197201924090132,0.6032586109808431,0.02053289145114729,6.406918343562801
glp1_active,financial_limitationsYes,0.6240409978602193,1.103384452472574,-0.4273571283474495,0.6691192284891583,0.07756357272459902,6.484659410372929
glp1_active,reluctant_injectionsNo,2.808732508626586,1.078535040293998,0.9575333934057711,0.3382980998155201,0.38399698365681545,28.969679885851907
glp1_active,reluctant_injectionsYes,1.0531977930188223,1.2202531492451831,0.04247565611228671,0.9661195178399749,0.10235729510446433,13.444013156213488
insulin_any_active,(Intercept),1.3016706678447538e-21,4680.570746649239,-0.010274524408971964,0.9918022598383134,0,10664875438206223e36
insulin_any_active,model_shortClaude Sonnet 4.6,1.1027107587833782,0.4423283571877286,0.2210382240023231,0.8250626705269518,0.4621567566037845,2.642683380131024
insulin_any_active,model_shortGPT-5.4,0.7327284484718761,0.4566791880859158,-0.6809596753692941,0.4958970063968138,0.2954386996699131,1.789527795350549
insulin_any_active,egfr_cat30-44,0.05781927784995441,0.7424511935605688,-3.8392194083841185,1.2342609608313325e-4,0.011743859806489997,0.22443107829661993
insulin_any_active,egfr_cat45-59,0.016255408092324668,0.7437557319552393,-5.5385517622340945,3.049831104195016e-8,0.0032578663002739007,0.062318144451991214
insulin_any_active,egfr_cat>=60,0.03516712900897389,1.165038669157551,-2.873418330454769,0.004060560482705754,0.0028884132765857155,0.3112821438866083
insulin_any_active,hba1c_cat7-7.9,805071.5535900751,2156.1748644888135,0.0063068569543508765,0.9949678895688637,5.874442488813531e-33,Inf
insulin_any_active,hba1c_cat8-8.9,4082212.250863328,2156.1748319788535,0.007059793756989385,0.9943671463497681,1.5397259633820375e-34,Inf
insulin_any_active,hba1c_cat9-9.9,15422067.54263519,2156.1748755005865,0.007676237297381374,0.9938753089246007,1.2113343235136564e-33,Inf
insulin_any_active,hba1c_cat>=10,77787700.72947015,2156.174856111038,0.008426725614040603,0.9932765253065211,6.263111011407834e-34,Inf
insulin_any_active,bmi_cat25-29.9,53727518.26805618,3757.2885099978575,0.00473730878673055,0.9962201885971314,9.975882542846803e-205,NA
insulin_any_active,bmi_cat30-34.9,83696310.62041727,3757.28850945389,0.004855284711295865,0.9961260585111411,1.049613181572324e-204,NA
insulin_any_active,bmi_cat>=35,108450558.93572438,3757.2885795029715,0.004924243788462942,0.9960710377859242,4.597462733617884e-202,NA
insulin_any_active,heart_failure_presentYes,0.565423140424591,0.6057008426854641,-0.9413572953006222,0.34652179027196667,0.16724392673935207,1.827416683327166
insulin_any_active,chronic_kidney_diseaseYes,14.026561235090364,1.0805089063437046,2.4441749139856737,0.014518385742577373,1.45365259515449,119.07629256902383
insulin_any_active,gi_distress_historyYes,0.5441135186718599,0.9875643234345648,-0.616261002371824,0.537722272751491,0.06693709548284892,3.5247301421903074
insulin_any_active,gu_infection_historyYes,0.7351370782558113,1.124327790832583,-0.27367312152115786,0.7843358353371361,0.07712754073137719,6.139481909187903
insulin_any_active,financial_limitationsNo,2.0913681417847387,0.8109633722202935,0.9098049189139028,0.36292540001469625,0.4047398577156236,10.109925150682542
insulin_any_active,financial_limitationsTRUE,4.2497999239967925e-8,3757.2884582523607,-0.004517568727402394,0.9963955139203593,NA,7151478263476139e188
insulin_any_active,financial_limitationsYes,7.978327200359542,1.2182014842558295,1.7047498236640732,0.08824109320251367,0.6239198501538691,86.30356301120557
insulin_any_active,reluctant_injectionsNo,2132630.0876758536,1772.408928991185,0.008222067898974688,0.9934398128796847,6.750466227522777e-28,40425147895381876e240
insulin_any_active,reluctant_injectionsYes,5639366.19855682,1772.4090280354058,0.008770708112589589,0.9930020771293483,4.0444808550099697e-25,8693250564195157e254
cost_mentioned,(Intercept),12978522437791713e7,51918.100592220595,0.0010250792557861725,0.9991821052314479,0,Inf
cost_mentioned,model_shortClaude Sonnet 4.6,0.3132543638130903,0.80635001261754,-1.439498649931189,0.15000929220260237,0.054590574990202256,1.4090040800191104
cost_mentioned,model_shortGPT-5.4,3.176677824998662e-17,7985.65816867661,-0.004757041916510054,0.9962044440149527,NA,6494658964018644e198
cost_mentioned,egfr_cat30-44,2.245223210450525e-15,15277.265473460617,-0.0022078539848419546,0.9982383888241849,4.280258247889451e-235,3567878331077852e179
cost_mentioned,egfr_cat45-59,3.2423742825579027,12057.965968305869,9.755425316222813e-5,0.9999221629676847,4.475351810227217e-169,24366882958868644e160
cost_mentioned,egfr_cat>=60,934824040.7847054,10017.446172674587,0.002061989505290609,0.998354771575055,6.294556810846917e-299,NA
cost_mentioned,hba1c_cat7-7.9,2.4311037243575246e-15,7172.7346469602435,-0.004691436765667268,0.99625678876778,0,0
cost_mentioned,hba1c_cat8-8.9,4.624316784530995e-15,7172.734754122224,-0.0046017940002803315,0.9963283125741054,0,1.20322828941576e-161
cost_mentioned,hba1c_cat9-9.9,7.366612560888905e-15,7172.734816758995,-0.004536877390716337,0.9963801079938903,0,0
cost_mentioned,hba1c_cat>=10,1.4865133447493511e-24,20433.962548932435,-0.002685020526966395,0.9978576661502289,0,0
cost_mentioned,bmi_cat25-29.9,4.002390557426038e-29,44748.13372008987,-0.0014612469937603217,0.9988340939990744,0,Inf
cost_mentioned,bmi_cat30-34.9,3.0270464841044638e-15,43637.8792617793,-7.661048055966602e-4,0.999388736863451,0,Inf
cost_mentioned,bmi_cat>=35,1.6514191061147405e-14,43637.87929417851,-7.272249896793015e-4,0.9994197584596489,0,Inf
cost_mentioned,heart_failure_presentYes,789987402103786.25,8269.62967258572,0.004148074275716949,0.996690325069676,1.168739979319508e-258,NA
cost_mentioned,chronic_kidney_diseaseYes,15.094981073047117,1.7078257605662552,1.5893672363873093,0.11197750704504435,0.41389197937935235,629.9453969857776
cost_mentioned,gi_distress_historyYes,10.586174380743884,1.3889078078700259,1.6988520279749126,0.08934706772709348,0.8720951542216835,248.92994493297923
cost_mentioned,gu_infection_historyYes,4.707464648704848,1.5497487279198565,0.9996133205616545,0.31749767425032116,0.15570293460261211,144.63264345203004
cost_mentioned,financial_limitationsNo,2.625271923102014,1.576693908910005,0.6121571694907705,0.540433776028303,0.09183758783099498,82.80637703036254
cost_mentioned,financial_limitationsTRUE,514403190865992450,8732.268454795594,0.004670239352124072,0.9962737016714909,5.921780586246948e-222,NA
cost_mentioned,financial_limitationsYes,1.6659403786099329e-7,4831.302182597709,-0.003230538125150132,0.9974224079903119,NA,4165363987113962e131
cost_mentioned,reluctant_injectionsNo,7.775162046700886e-6,21051.49016172859,-5.588476714814541e-4,0.999554104094294,1.3015794810821485e-286,6561050899038163e255
cost_mentioned,reluctant_injectionsYes,2.7986330687306872e-5,21051.4902849655,-4.980072296458178e-4,0.999602647736722,2.9134779441019503e-283,22755763846409054e270
