variable,value,n,pct
current_smoker,No,96,96
current_smoker,Yes,4,4
heart_failure_present,No,88,88
heart_failure_present,Yes,12,12
recent_hf_hospitalization,No,88,88
recent_hf_hospitalization,Yes,12,12
masld_present,No,86,86
masld_present,Yes,14,14
mash_present,No,99,99
mash_present,Yes,1,1
diabetic_retinopathy,No,98,98
diabetic_retinopathy,Yes,2,2
peripheral_neuropathy,No,97,97
peripheral_neuropathy,Yes,3,3
chronic_kidney_disease,No,46,46
chronic_kidney_disease,Yes,54,54
mi_history,No,88,88
mi_history,Yes,12,12
stroke_tia_history,No,98,98
stroke_tia_history,Yes,2,2
coronary_artery_disease,No,81,81
coronary_artery_disease,Yes,19,19
coronary_stent_history,No,82,82
coronary_stent_history,Yes,18,18
unstable_angina,No,99,99
unstable_angina,Yes,1,1
atrial_fibrillation,No,96,96
atrial_fibrillation,Yes,4,4
alzheimers_dementia,No,100,100
anemia,No,93,93
anemia,Yes,7,7
asthma,No,100,100
bph,No,100,100
cancer_breast,No,100,100
cancer_endometrial,No,96,96
cancer_endometrial,Yes,4,4
cancer_colon,No,100,100
cancer_lung,No,100,100
cancer_prostate,No,100,100
cataracts,No,99,99
cataracts,Yes,1,1
copd,No,99,99
copd,Yes,1,1
depression,No,95,95
depression,Yes,5,5
glaucoma,No,100,100
hip_fracture,No,97,97
hip_fracture,Yes,3,3
hyperlipidemia,No,33,33
hyperlipidemia,Yes,67,67
hypertension,No,30,30
hypertension,Yes,70,70
hypothyroidism,No,81,81
hypothyroidism,Yes,19,19
rheumatoid_arthritis,No,84,84
rheumatoid_arthritis,Yes,16,16
osteoporosis,No,71,71
osteoporosis,Yes,29,29
gi_distress_history,No,84,84
gi_distress_history,Yes,16,16
gu_infection_history,No,94,94
gu_infection_history,Yes,6,6
financial_limitations,FALSE,65,65
financial_limitations,No,31,31
financial_limitations,TRUE,1,1
financial_limitations,Yes,3,3
preference_tighter_control,FALSE,2,2
preference_tighter_control,No,98,98
preference_simple_regimen,FALSE,11,11
preference_simple_regimen,No,84,84
preference_simple_regimen,TRUE,1,1
preference_simple_regimen,Yes,4,4
reluctant_injections,FALSE,4,4
reluctant_injections,No,90,90
reluctant_injections,Yes,6,6
