record_id,asset_id,page_number,source_pdf,source_pdf_sha256,image_sha256,asset_type,asset_bbox,evidence_bbox_space,image_path,source_json,extraction_status,item_id,item_type,title,model_requires_manual_review,requires_manual_review,validation_status,validation_errors,validation_warnings,content_sha256,effective_content_sha256,review_status,reviewer,reviewed_at,corrections_json,review_notes,release_eligible,row_label,clinical_dimension,raw_symbol,symbol_type,symbol_count,ordinal_level,direction,symbol_role,interpretation,evidence_text,evidence_bbox
p002-page-002-tile-r02-c01::page-002-tile-r02-c01-symbols-tile-r02-c01::symbol::symbol-001,page_002_tile_r02_c01,2,CONTROLLED_SOURCE_PDF/ADA principles for pharmacologic therapy.pdf,7c2913f79b61bc60f8f51327bb73b80391988fd277116b29e57df4242b2a2404,ece0396f5c3d6926929a1797003165ca8252d32e06aae7c44c3346a1c598af52,tile,"[0.0,288.0,360.0,648.0]",normalized_0_1000,CONTROLLED_SOURCE_IMAGE/ada_page_002_tile_r02_c01.png,OMITTED_RAW_MODEL_JSON/visual_logic_page_002_tile_r02_c01.json,extracted_unvalidated,page_002_tile_r02_c01__symbols__tile_r02_c01,table,Representative relative attributes of insulin approaches in people with type 1 diabetes,True,True,invalid,symbol_type 'presence_marker' does not match registry value 'relative_advantage'; ordinal_level 'unknown' does not match registry value 'high',"structure: No clinical guideline evidence is visible in this single image asset. The content appears to be a summary of relative attributes of insulin approaches for type 1 diabetes patients, presented as a table without decision nodes or arrows.; structure: The table does not contain any explicit clinical guidelines or recommendations; it only provides comparative information about different insulin treatment plans.; actions: No explicit recommendation-strength words were visible in the table; strength symbols (e.g., '+++', '+++++') were used instead.; actions: The table does not contain arrows or decision nodes, so no edges are extracted.; actions: All drug actions are listed as alternatives without mandatory status.; symbols: The table is partially cut off at the bottom right corner, but all visible data points are extracted.; symbols: No explicit clinical guidelines or arrows are present in this asset; only a comparative table with ordinal symbols is shown.; context-dependent plus direction requires explicit human confirmation; symbol registry requires manual review",dae7ab8a7036d2da13b8d28b2f3f10b90e265e9f9db4fac71baf199d576f7be8,dae7ab8a7036d2da13b8d28b2f3f10b90e265e9f9db4fac71baf199d576f7be8,pending,,,,,False,MDI with LAA + RAA or URAA,Greater flexibility,+++,presence_marker,3,unknown,not_applicable,ordinal_scale,"Higher level of flexibility compared to other plans listed, but not the highest (which is automated insulin delivery systems).",+++ in column 'Greater flexibility' for row 'MDI with LAA + RAA or URAA'.,"[390.0,487.0,526.0,518.0]"
p002-page-002-tile-r02-c01::page-002-tile-r02-c01-symbols-tile-r02-c01::symbol::symbol-002,page_002_tile_r02_c01,2,CONTROLLED_SOURCE_PDF/ADA principles for pharmacologic therapy.pdf,7c2913f79b61bc60f8f51327bb73b80391988fd277116b29e57df4242b2a2404,ece0396f5c3d6926929a1797003165ca8252d32e06aae7c44c3346a1c598af52,tile,"[0.0,288.0,360.0,648.0]",normalized_0_1000,CONTROLLED_SOURCE_IMAGE/ada_page_002_tile_r02_c01.png,OMITTED_RAW_MODEL_JSON/visual_logic_page_002_tile_r02_c01.json,extracted_unvalidated,page_002_tile_r02_c01__symbols__tile_r02_c01,table,Representative relative attributes of insulin approaches in people with type 1 diabetes,True,True,invalid,symbol_type 'presence_marker' does not match registry value 'relative_advantage'; ordinal_level 'unknown' does not match registry value 'moderate',"structure: No clinical guideline evidence is visible in this single image asset. The content appears to be a summary of relative attributes of insulin approaches for type 1 diabetes patients, presented as a table without decision nodes or arrows.; structure: The table does not contain any explicit clinical guidelines or recommendations; it only provides comparative information about different insulin treatment plans.; actions: No explicit recommendation-strength words were visible in the table; strength symbols (e.g., '+++', '+++++') were used instead.; actions: The table does not contain arrows or decision nodes, so no edges are extracted.; actions: All drug actions are listed as alternatives without mandatory status.; symbols: The table is partially cut off at the bottom right corner, but all visible data points are extracted.; symbols: No explicit clinical guidelines or arrows are present in this asset; only a comparative table with ordinal symbols is shown.; context-dependent plus direction requires explicit human confirmation; symbol registry requires manual review",92a23928bb7acf4cde15b5eec2cf15ac456ba937df48cc217f72352bf6a4094f,92a23928bb7acf4cde15b5eec2cf15ac456ba937df48cc217f72352bf6a4094f,pending,,,,,False,MDI with NPH + RAA or URAA,Greater flexibility,++,presence_marker,2,unknown,not_applicable,ordinal_scale,Moderate level of flexibility.,++ in column 'Greater flexibility' for row 'MDI with NPH + RAA or URAA'.,"[390.0,587.0,526.0,618.0]"
p002-page-002-tile-r02-c01::page-002-tile-r02-c01-symbols-tile-r02-c01::symbol::symbol-003,page_002_tile_r02_c01,2,CONTROLLED_SOURCE_PDF/ADA principles for pharmacologic therapy.pdf,7c2913f79b61bc60f8f51327bb73b80391988fd277116b29e57df4242b2a2404,ece0396f5c3d6926929a1797003165ca8252d32e06aae7c44c3346a1c598af52,tile,"[0.0,288.0,360.0,648.0]",normalized_0_1000,CONTROLLED_SOURCE_IMAGE/ada_page_002_tile_r02_c01.png,OMITTED_RAW_MODEL_JSON/visual_logic_page_002_tile_r02_c01.json,extracted_unvalidated,page_002_tile_r02_c01__symbols__tile_r02_c01,table,Representative relative attributes of insulin approaches in people with type 1 diabetes,True,True,invalid,symbol_type 'presence_marker' does not match registry value 'relative_advantage'; ordinal_level 'unknown' does not match registry value 'moderate',"structure: No clinical guideline evidence is visible in this single image asset. The content appears to be a summary of relative attributes of insulin approaches for type 1 diabetes patients, presented as a table without decision nodes or arrows.; structure: The table does not contain any explicit clinical guidelines or recommendations; it only provides comparative information about different insulin treatment plans.; actions: No explicit recommendation-strength words were visible in the table; strength symbols (e.g., '+++', '+++++') were used instead.; actions: The table does not contain arrows or decision nodes, so no edges are extracted.; actions: All drug actions are listed as alternatives without mandatory status.; symbols: The table is partially cut off at the bottom right corner, but all visible data points are extracted.; symbols: No explicit clinical guidelines or arrows are present in this asset; only a comparative table with ordinal symbols is shown.; context-dependent plus direction requires explicit human confirmation; symbol registry requires manual review",137ee339304ecaf2ff3f9c2b29e7a1fb8d54a4d59b38fb10751e5436e9f5f600,137ee339304ecaf2ff3f9c2b29e7a1fb8d54a4d59b38fb10751e5436e9f5f600,pending,,,,,False,MDI with NPH + short-acting (regular) insulin,Greater flexibility,++,presence_marker,2,unknown,not_applicable,ordinal_scale,Moderate level of flexibility.,++ in column 'Greater flexibility' for row 'MDI with NPH + short-acting (regular) insulin'.,"[390.0,647.0,526.0,681.0]"
p002-page-002-tile-r02-c01::page-002-tile-r02-c01-symbols-tile-r02-c01::symbol::symbol-004,page_002_tile_r02_c01,2,CONTROLLED_SOURCE_PDF/ADA principles for pharmacologic therapy.pdf,7c2913f79b61bc60f8f51327bb73b80391988fd277116b29e57df4242b2a2404,ece0396f5c3d6926929a1797003165ca8252d32e06aae7c44c3346a1c598af52,tile,"[0.0,288.0,360.0,648.0]",normalized_0_1000,CONTROLLED_SOURCE_IMAGE/ada_page_002_tile_r02_c01.png,OMITTED_RAW_MODEL_JSON/visual_logic_page_002_tile_r02_c01.json,extracted_unvalidated,page_002_tile_r02_c01__symbols__tile_r02_c01,table,Representative relative attributes of insulin approaches in people with type 1 diabetes,True,True,invalid,symbol_type 'presence_marker' does not match registry value 'relative_advantage'; ordinal_level 'unknown' does not match registry value 'low',"structure: No clinical guideline evidence is visible in this single image asset. The content appears to be a summary of relative attributes of insulin approaches for type 1 diabetes patients, presented as a table without decision nodes or arrows.; structure: The table does not contain any explicit clinical guidelines or recommendations; it only provides comparative information about different insulin treatment plans.; actions: No explicit recommendation-strength words were visible in the table; strength symbols (e.g., '+++', '+++++') were used instead.; actions: The table does not contain arrows or decision nodes, so no edges are extracted.; actions: All drug actions are listed as alternatives without mandatory status.; symbols: The table is partially cut off at the bottom right corner, but all visible data points are extracted.; symbols: No explicit clinical guidelines or arrows are present in this asset; only a comparative table with ordinal symbols is shown.; context-dependent plus direction requires explicit human confirmation; symbol registry requires manual review",d9a1efc2a432027bc8f27da7463a1b17c2345b893d3404bf88ddeec900684cdc,d9a1efc2a432027bc8f27da7463a1b17c2345b893d3404bf88ddeec900684cdc,pending,,,,,False,Two daily injections with NPH + short-acting (regular) insulin or premixed,Greater flexibility,+,presence_marker,1,unknown,not_applicable,ordinal_scale,Lowest level of flexibility among the listed injected insulin plans.,+ in column 'Greater flexibility' for row 'Two daily injections with NPH + short-acting (regular) insulin or premixed'.,"[390.0,718.0,526.0,749.0]"
p002-page-002-tile-r02-c01::page-002-tile-r02-c01-symbols-tile-r02-c01::symbol::symbol-005,page_002_tile_r02_c01,2,CONTROLLED_SOURCE_PDF/ADA principles for pharmacologic therapy.pdf,7c2913f79b61bc60f8f51327bb73b80391988fd277116b29e57df4242b2a2404,ece0396f5c3d6926929a1797003165ca8252d32e06aae7c44c3346a1c598af52,tile,"[0.0,288.0,360.0,648.0]",normalized_0_1000,CONTROLLED_SOURCE_IMAGE/ada_page_002_tile_r02_c01.png,OMITTED_RAW_MODEL_JSON/visual_logic_page_002_tile_r02_c01.json,extracted_unvalidated,page_002_tile_r02_c01__symbols__tile_r02_c01,table,Representative relative attributes of insulin approaches in people with type 1 diabetes,True,True,invalid,symbol_type 'presence_marker' does not match registry value 'relative_advantage'; ordinal_level 'unknown' does not match registry value 'highest',"structure: No clinical guideline evidence is visible in this single image asset. The content appears to be a summary of relative attributes of insulin approaches for type 1 diabetes patients, presented as a table without decision nodes or arrows.; structure: The table does not contain any explicit clinical guidelines or recommendations; it only provides comparative information about different insulin treatment plans.; actions: No explicit recommendation-strength words were visible in the table; strength symbols (e.g., '+++', '+++++') were used instead.; actions: The table does not contain arrows or decision nodes, so no edges are extracted.; actions: All drug actions are listed as alternatives without mandatory status.; symbols: The table is partially cut off at the bottom right corner, but all visible data points are extracted.; symbols: No explicit clinical guidelines or arrows are present in this asset; only a comparative table with ordinal symbols is shown.; context-dependent plus direction requires explicit human confirmation; symbol registry requires manual review",eb375f49f7891995a7a2f0c3869e22cd2f2d1f7dfdc794a71cc76b27d3375f9c,eb375f49f7891995a7a2f0c3869e22cd2f2d1f7dfdc794a71cc76b27d3375f9c,pending,,,,,False,Automated insulin delivery systems,Greater flexibility,+++++,presence_marker,5,unknown,not_applicable,ordinal_scale,Highest level of flexibility among all listed insulin approaches.,+++++ in column 'Greater flexibility' for row 'Automated insulin delivery systems'.,"[390.0,875.0,526.0,914.0]"
p002-page-002-tile-r02-c02::page-002-tile-r02-c02-symbols-asset-r02-c02::symbol::symbol-001,page_002_tile_r02_c02,2,CONTROLLED_SOURCE_PDF/ADA principles for pharmacologic therapy.pdf,7c2913f79b61bc60f8f51327bb73b80391988fd277116b29e57df4242b2a2404,f761a65d6e49e7b14cdc072a399201a2178c180e4fa6a3adb1a8adf76a3734a3,tile,"[233.972,288.0,593.972,648.0]",normalized_0_1000,CONTROLLED_SOURCE_IMAGE/ada_page_002_tile_r02_c02.png,OMITTED_RAW_MODEL_JSON/visual_logic_page_002_tile_r02_c02.json,extracted_unvalidated,page_002_tile_r02_c02__symbols__asset_r02_c02,table,Relative attributes of insulin delivery approaches in people with type 1 diabetes,True,True,invalid,symbol_type 'presence_marker' does not match registry value 'relative_advantage'; ordinal_level 'unknown' does not match registry value 'high',"structure: No decision nodes or arrows are visible in this table; it is a comparative attribute matrix.; structure: The text above the table mentions 'Table 9.1' but no such table is shown here.; actions: No explicit recommendation-strength words were visible in the provided asset; strength fields are empty.; actions: The table does not contain arrows or decision nodes; only comparative attributes are shown.; symbols: The table is presented with a color-coded scale but no explicit legend or key defining what each symbol represents. The interpretation of the symbols as ordinal scales (e.g., +++ = high flexibility) is inferred from context and common usage in clinical guidelines, which may not be explicitly stated.; context-dependent plus direction requires explicit human confirmation; symbol registry requires manual review",1eb2dc612ae18a95244550b06f749213f41896eb6a0284769bb4872e2d2c9b98,1eb2dc612ae18a95244550b06f749213f41896eb6a0284769bb4872e2d2c9b98,pending,,,,,False,URAAs,Greater flexibility,+++,presence_marker,3,unknown,not_applicable,ordinal_scale,Higher level of greater flexibility for URAAs compared to other approaches.,+++ under 'Greater flexibility' for URAA in the first table section.,"[234.0,398.0,593.0,417.0]"
p002-page-002-tile-r02-c02::page-002-tile-r02-c02-symbols-asset-r02-c02::symbol::symbol-002,page_002_tile_r02_c02,2,CONTROLLED_SOURCE_PDF/ADA principles for pharmacologic therapy.pdf,7c2913f79b61bc60f8f51327bb73b80391988fd277116b29e57df4242b2a2404,f761a65d6e49e7b14cdc072a399201a2178c180e4fa6a3adb1a8adf76a3734a3,tile,"[233.972,288.0,593.972,648.0]",normalized_0_1000,CONTROLLED_SOURCE_IMAGE/ada_page_002_tile_r02_c02.png,OMITTED_RAW_MODEL_JSON/visual_logic_page_002_tile_r02_c02.json,extracted_unvalidated,page_002_tile_r02_c02__symbols__asset_r02_c02,table,Relative attributes of insulin delivery approaches in people with type 1 diabetes,True,True,invalid,symbol_type 'presence_marker' does not match registry value 'relative_advantage'; ordinal_level 'unknown' does not match registry value 'high',"structure: No decision nodes or arrows are visible in this table; it is a comparative attribute matrix.; structure: The text above the table mentions 'Table 9.1' but no such table is shown here.; actions: No explicit recommendation-strength words were visible in the provided asset; strength fields are empty.; actions: The table does not contain arrows or decision nodes; only comparative attributes are shown.; symbols: The table is presented with a color-coded scale but no explicit legend or key defining what each symbol represents. The interpretation of the symbols as ordinal scales (e.g., +++ = high flexibility) is inferred from context and common usage in clinical guidelines, which may not be explicitly stated.; context-dependent plus direction requires explicit human confirmation; symbol registry requires manual review",b64a814fecd318a11aafa3421ee801bd7e26e0fdd1e18ca6f505bfa3d8a0ea0d,b64a814fecd318a11aafa3421ee801bd7e26e0fdd1e18ca6f505bfa3d8a0ea0d,pending,,,,,False,URAAs,Lower risk of hypoglycemia,+++,presence_marker,3,unknown,not_applicable,ordinal_scale,Higher level of lower risk of hypoglycemia for URAAs compared to other approaches.,+++ under 'Lower risk of hypoglycemia' for URAA in the first table section.,"[234.0,417.0,593.0,436.0]"
p002-page-002-tile-r02-c02::page-002-tile-r02-c02-symbols-asset-r02-c02::symbol::symbol-003,page_002_tile_r02_c02,2,CONTROLLED_SOURCE_PDF/ADA principles for pharmacologic therapy.pdf,7c2913f79b61bc60f8f51327bb73b80391988fd277116b29e57df4242b2a2404,f761a65d6e49e7b14cdc072a399201a2178c180e4fa6a3adb1a8adf76a3734a3,tile,"[233.972,288.0,593.972,648.0]",normalized_0_1000,CONTROLLED_SOURCE_IMAGE/ada_page_002_tile_r02_c02.png,OMITTED_RAW_MODEL_JSON/visual_logic_page_002_tile_r02_c02.json,extracted_unvalidated,page_002_tile_r02_c02__symbols__asset_r02_c02,table,Relative attributes of insulin delivery approaches in people with type 1 diabetes,True,True,invalid,symbol_type 'presence_marker' does not match registry value 'relative_cost'; ordinal_level 'unknown' does not match registry value 'high'; direction 'not_applicable' does not match registry value 'more_is_worse',"structure: No decision nodes or arrows are visible in this table; it is a comparative attribute matrix.; structure: The text above the table mentions 'Table 9.1' but no such table is shown here.; actions: No explicit recommendation-strength words were visible in the provided asset; strength fields are empty.; actions: The table does not contain arrows or decision nodes; only comparative attributes are shown.; symbols: The table is presented with a color-coded scale but no explicit legend or key defining what each symbol represents. The interpretation of the symbols as ordinal scales (e.g., +++ = high flexibility) is inferred from context and common usage in clinical guidelines, which may not be explicitly stated.; symbol registry requires manual review",65dd7d771ef9128355065d5855f3d5d4073b975a9a6f8c8a71a97df31aa0ff48,65dd7d771ef9128355065d5855f3d5d4073b975a9a6f8c8a71a97df31aa0ff48,pending,,,,,False,URAAs,Higher costs,$$$,presence_marker,3,unknown,not_applicable,ordinal_scale,Higher level of higher costs for URAAs compared to other approaches.,$$$ under 'Higher costs' for URAA in the first table section.,"[234.0,436.0,593.0,455.0]"
p002-page-002-tile-r02-c02::page-002-tile-r02-c02-symbols-asset-r02-c02::symbol::symbol-004,page_002_tile_r02_c02,2,CONTROLLED_SOURCE_PDF/ADA principles for pharmacologic therapy.pdf,7c2913f79b61bc60f8f51327bb73b80391988fd277116b29e57df4242b2a2404,f761a65d6e49e7b14cdc072a399201a2178c180e4fa6a3adb1a8adf76a3734a3,tile,"[233.972,288.0,593.972,648.0]",normalized_0_1000,CONTROLLED_SOURCE_IMAGE/ada_page_002_tile_r02_c02.png,OMITTED_RAW_MODEL_JSON/visual_logic_page_002_tile_r02_c02.json,extracted_unvalidated,page_002_tile_r02_c02__symbols__asset_r02_c02,table,Relative attributes of insulin delivery approaches in people with type 1 diabetes,True,True,invalid,symbol_type 'presence_marker' does not match registry value 'relative_advantage'; ordinal_level 'unknown' does not match registry value 'low',"structure: No decision nodes or arrows are visible in this table; it is a comparative attribute matrix.; structure: The text above the table mentions 'Table 9.1' but no such table is shown here.; actions: No explicit recommendation-strength words were visible in the provided asset; strength fields are empty.; actions: The table does not contain arrows or decision nodes; only comparative attributes are shown.; symbols: The table is presented with a color-coded scale but no explicit legend or key defining what each symbol represents. The interpretation of the symbols as ordinal scales (e.g., +++ = high flexibility) is inferred from context and common usage in clinical guidelines, which may not be explicitly stated.; context-dependent plus direction requires explicit human confirmation; symbol registry requires manual review",698b382b0ea4cafd9593f510e76c161977b19eda15b3e57fe42711b9934210a3,698b382b0ea4cafd9593f510e76c161977b19eda15b3e57fe42711b9934210a3,pending,,,,,False,Rapid-acting,Lower risk of hypoglycemia,+,presence_marker,1,unknown,not_applicable,ordinal_scale,Lower level of lower risk of hypoglycemia for rapid-acting compared to URAAs.,+ under 'Lower risk of hypoglycemia' for rapid-acting in the first table section.,"[234.0,507.0,593.0,526.0]"
p002-page-002-tile-r02-c02::page-002-tile-r02-c02-symbols-asset-r02-c02::symbol::symbol-005,page_002_tile_r02_c02,2,CONTROLLED_SOURCE_PDF/ADA principles for pharmacologic therapy.pdf,7c2913f79b61bc60f8f51327bb73b80391988fd277116b29e57df4242b2a2404,f761a65d6e49e7b14cdc072a399201a2178c180e4fa6a3adb1a8adf76a3734a3,tile,"[233.972,288.0,593.972,648.0]",normalized_0_1000,CONTROLLED_SOURCE_IMAGE/ada_page_002_tile_r02_c02.png,OMITTED_RAW_MODEL_JSON/visual_logic_page_002_tile_r02_c02.json,extracted_unvalidated,page_002_tile_r02_c02__symbols__asset_r02_c02,table,Relative attributes of insulin delivery approaches in people with type 1 diabetes,True,True,invalid,symbol_type 'presence_marker' does not match registry value 'relative_cost'; ordinal_level 'unknown' does not match registry value 'low'; direction 'not_applicable' does not match registry value 'more_is_worse',"structure: No decision nodes or arrows are visible in this table; it is a comparative attribute matrix.; structure: The text above the table mentions 'Table 9.1' but no such table is shown here.; actions: No explicit recommendation-strength words were visible in the provided asset; strength fields are empty.; actions: The table does not contain arrows or decision nodes; only comparative attributes are shown.; symbols: The table is presented with a color-coded scale but no explicit legend or key defining what each symbol represents. The interpretation of the symbols as ordinal scales (e.g., +++ = high flexibility) is inferred from context and common usage in clinical guidelines, which may not be explicitly stated.; symbol registry requires manual review",3117904d72add790f5790849ac838bbb91b93917ccc1065b70bb357c1f37e58f,3117904d72add790f5790849ac838bbb91b93917ccc1065b70bb357c1f37e58f,pending,,,,,False,Rapid-acting,Higher costs,$,presence_marker,1,unknown,not_applicable,ordinal_scale,Lower level of higher costs for rapid-acting compared to URAAs.,$ under 'Higher costs' for rapid-acting in the first table section.,"[234.0,526.0,593.0,545.0]"
p002-page-002-tile-r02-c02::page-002-tile-r02-c02-symbols-asset-r02-c02::symbol::symbol-006,page_002_tile_r02_c02,2,CONTROLLED_SOURCE_PDF/ADA principles for pharmacologic therapy.pdf,7c2913f79b61bc60f8f51327bb73b80391988fd277116b29e57df4242b2a2404,f761a65d6e49e7b14cdc072a399201a2178c180e4fa6a3adb1a8adf76a3734a3,tile,"[233.972,288.0,593.972,648.0]",normalized_0_1000,CONTROLLED_SOURCE_IMAGE/ada_page_002_tile_r02_c02.png,OMITTED_RAW_MODEL_JSON/visual_logic_page_002_tile_r02_c02.json,extracted_unvalidated,page_002_tile_r02_c02__symbols__asset_r02_c02,table,Relative attributes of insulin delivery approaches in people with type 1 diabetes,True,True,invalid,symbol_type 'presence_marker' does not match registry value 'relative_advantage'; ordinal_level 'unknown' does not match registry value 'low',"structure: No decision nodes or arrows are visible in this table; it is a comparative attribute matrix.; structure: The text above the table mentions 'Table 9.1' but no such table is shown here.; actions: No explicit recommendation-strength words were visible in the provided asset; strength fields are empty.; actions: The table does not contain arrows or decision nodes; only comparative attributes are shown.; symbols: The table is presented with a color-coded scale but no explicit legend or key defining what each symbol represents. The interpretation of the symbols as ordinal scales (e.g., +++ = high flexibility) is inferred from context and common usage in clinical guidelines, which may not be explicitly stated.; context-dependent plus direction requires explicit human confirmation; symbol registry requires manual review",f27e8bf00a0bb00b1bf03aeef8526e37b87379797c2f11640560300e4b038a44,f27e8bf00a0bb00b1bf03aeef8526e37b87379797c2f11640560300e4b038a44,pending,,,,,False,With NPH + short- or premixed,Lower risk of hypoglycemia,+,presence_marker,1,unknown,not_applicable,ordinal_scale,Lower level of lower risk of hypoglycemia for with NPH + short- or premixed compared to URAAs.,+ under 'Lower risk of hypoglycemia' for with NPH + short- or premixed in the first table section.,"[234.0,560.0,593.0,579.0]"
p002-page-002-tile-r02-c02::page-002-tile-r02-c02-symbols-asset-r02-c02::symbol::symbol-007,page_002_tile_r02_c02,2,CONTROLLED_SOURCE_PDF/ADA principles for pharmacologic therapy.pdf,7c2913f79b61bc60f8f51327bb73b80391988fd277116b29e57df4242b2a2404,f761a65d6e49e7b14cdc072a399201a2178c180e4fa6a3adb1a8adf76a3734a3,tile,"[233.972,288.0,593.972,648.0]",normalized_0_1000,CONTROLLED_SOURCE_IMAGE/ada_page_002_tile_r02_c02.png,OMITTED_RAW_MODEL_JSON/visual_logic_page_002_tile_r02_c02.json,extracted_unvalidated,page_002_tile_r02_c02__symbols__asset_r02_c02,table,Relative attributes of insulin delivery approaches in people with type 1 diabetes,True,True,invalid,symbol_type 'presence_marker' does not match registry value 'relative_cost'; ordinal_level 'unknown' does not match registry value 'low'; direction 'not_applicable' does not match registry value 'more_is_worse',"structure: No decision nodes or arrows are visible in this table; it is a comparative attribute matrix.; structure: The text above the table mentions 'Table 9.1' but no such table is shown here.; actions: No explicit recommendation-strength words were visible in the provided asset; strength fields are empty.; actions: The table does not contain arrows or decision nodes; only comparative attributes are shown.; symbols: The table is presented with a color-coded scale but no explicit legend or key defining what each symbol represents. The interpretation of the symbols as ordinal scales (e.g., +++ = high flexibility) is inferred from context and common usage in clinical guidelines, which may not be explicitly stated.; symbol registry requires manual review",6735ee0d0a85d86f8884c30eccce0dea630cb0570da63f859fd9072116e122f2,6735ee0d0a85d86f8884c30eccce0dea630cb0570da63f859fd9072116e122f2,pending,,,,,False,With NPH + short- or premixed,Higher costs,$,presence_marker,1,unknown,not_applicable,ordinal_scale,Lower level of higher costs for with NPH + short- or premixed compared to URAAs.,$ under 'Higher costs' for with NPH + short- or premixed in the first table section.,"[234.0,579.0,593.0,598.0]"
p002-page-002-tile-r02-c02::page-002-tile-r02-c02-symbols-asset-r02-c02::symbol::symbol-008,page_002_tile_r02_c02,2,CONTROLLED_SOURCE_PDF/ADA principles for pharmacologic therapy.pdf,7c2913f79b61bc60f8f51327bb73b80391988fd277116b29e57df4242b2a2404,f761a65d6e49e7b14cdc072a399201a2178c180e4fa6a3adb1a8adf76a3734a3,tile,"[233.972,288.0,593.972,648.0]",normalized_0_1000,CONTROLLED_SOURCE_IMAGE/ada_page_002_tile_r02_c02.png,OMITTED_RAW_MODEL_JSON/visual_logic_page_002_tile_r02_c02.json,extracted_unvalidated,page_002_tile_r02_c02__symbols__asset_r02_c02,table,Relative attributes of insulin delivery approaches in people with type 1 diabetes,True,True,invalid,symbol_type 'presence_marker' does not match registry value 'relative_advantage'; ordinal_level 'unknown' does not match registry value 'highest',"structure: No decision nodes or arrows are visible in this table; it is a comparative attribute matrix.; structure: The text above the table mentions 'Table 9.1' but no such table is shown here.; actions: No explicit recommendation-strength words were visible in the provided asset; strength fields are empty.; actions: The table does not contain arrows or decision nodes; only comparative attributes are shown.; symbols: The table is presented with a color-coded scale but no explicit legend or key defining what each symbol represents. The interpretation of the symbols as ordinal scales (e.g., +++ = high flexibility) is inferred from context and common usage in clinical guidelines, which may not be explicitly stated.; context-dependent plus direction requires explicit human confirmation; symbol registry requires manual review",f17a6112d2a27e428fde60c9010b09a4c1fd55b0b4455a7ff1c08fb0af6ecb84,f17a6112d2a27e428fde60c9010b09a4c1fd55b0b4455a7ff1c08fb0af6ecb84,pending,,,,,False,Insulin pump systems,Greater flexibility,+++++,presence_marker,5,unknown,not_applicable,ordinal_scale,Highest level of greater flexibility for insulin pump systems compared to other approaches.,+++++ under 'Greater flexibility' for insulin pump systems in the second table section.,"[234.0,650.0,593.0,669.0]"
p002-page-002-tile-r02-c02::page-002-tile-r02-c02-symbols-asset-r02-c02::symbol::symbol-009,page_002_tile_r02_c02,2,CONTROLLED_SOURCE_PDF/ADA principles for pharmacologic therapy.pdf,7c2913f79b61bc60f8f51327bb73b80391988fd277116b29e57df4242b2a2404,f761a65d6e49e7b14cdc072a399201a2178c180e4fa6a3adb1a8adf76a3734a3,tile,"[233.972,288.0,593.972,648.0]",normalized_0_1000,CONTROLLED_SOURCE_IMAGE/ada_page_002_tile_r02_c02.png,OMITTED_RAW_MODEL_JSON/visual_logic_page_002_tile_r02_c02.json,extracted_unvalidated,page_002_tile_r02_c02__symbols__asset_r02_c02,table,Relative attributes of insulin delivery approaches in people with type 1 diabetes,True,True,invalid,symbol_type 'presence_marker' does not match registry value 'relative_advantage'; ordinal_level 'unknown' does not match registry value 'highest',"structure: No decision nodes or arrows are visible in this table; it is a comparative attribute matrix.; structure: The text above the table mentions 'Table 9.1' but no such table is shown here.; actions: No explicit recommendation-strength words were visible in the provided asset; strength fields are empty.; actions: The table does not contain arrows or decision nodes; only comparative attributes are shown.; symbols: The table is presented with a color-coded scale but no explicit legend or key defining what each symbol represents. The interpretation of the symbols as ordinal scales (e.g., +++ = high flexibility) is inferred from context and common usage in clinical guidelines, which may not be explicitly stated.; context-dependent plus direction requires explicit human confirmation; symbol registry requires manual review",a287014467612e3035904acf8135fac3c0e9587f404a818ebb4c67c3e1e9cbfe,a287014467612e3035904acf8135fac3c0e9587f404a818ebb4c67c3e1e9cbfe,pending,,,,,False,Insulin pump systems,Lower risk of hypoglycemia,+++++,presence_marker,5,unknown,not_applicable,ordinal_scale,Highest level of lower risk of hypoglycemia for insulin pump systems compared to other approaches.,+++++ under 'Lower risk of hypoglycemia' for insulin pump systems in the second table section.,"[234.0,669.0,593.0,688.0]"
p002-page-002-tile-r02-c02::page-002-tile-r02-c02-symbols-asset-r02-c02::symbol::symbol-010,page_002_tile_r02_c02,2,CONTROLLED_SOURCE_PDF/ADA principles for pharmacologic therapy.pdf,7c2913f79b61bc60f8f51327bb73b80391988fd277116b29e57df4242b2a2404,f761a65d6e49e7b14cdc072a399201a2178c180e4fa6a3adb1a8adf76a3734a3,tile,"[233.972,288.0,593.972,648.0]",normalized_0_1000,CONTROLLED_SOURCE_IMAGE/ada_page_002_tile_r02_c02.png,OMITTED_RAW_MODEL_JSON/visual_logic_page_002_tile_r02_c02.json,extracted_unvalidated,page_002_tile_r02_c02__symbols__asset_r02_c02,table,Relative attributes of insulin delivery approaches in people with type 1 diabetes,True,True,invalid,symbol_type 'presence_marker' does not match registry value 'relative_cost'; ordinal_level 'unknown' does not match registry value 'highest'; direction 'not_applicable' does not match registry value 'more_is_worse',"structure: No decision nodes or arrows are visible in this table; it is a comparative attribute matrix.; structure: The text above the table mentions 'Table 9.1' but no such table is shown here.; actions: No explicit recommendation-strength words were visible in the provided asset; strength fields are empty.; actions: The table does not contain arrows or decision nodes; only comparative attributes are shown.; symbols: The table is presented with a color-coded scale but no explicit legend or key defining what each symbol represents. The interpretation of the symbols as ordinal scales (e.g., +++ = high flexibility) is inferred from context and common usage in clinical guidelines, which may not be explicitly stated.; symbol registry requires manual review",b897beaccfc23c78ba8d7ecb6c03c3a1b9b6058f9ba305b57894c5d7d95ee2a7,b897beaccfc23c78ba8d7ecb6c03c3a1b9b6058f9ba305b57894c5d7d95ee2a7,pending,,,,,False,Insulin pump systems,Higher costs,$$$$$,presence_marker,5,unknown,not_applicable,ordinal_scale,Highest level of higher costs for insulin pump systems compared to other approaches.,$$$$$ under 'Higher costs' for insulin pump systems in the second table section.,"[234.0,688.0,593.0,707.0]"
p002-page-002-tile-r03-c01::page-002-tile-r03-c01-symbols-figure-9-1::symbol::symbol-001,page_002_tile_r03_c01,2,CONTROLLED_SOURCE_PDF/ADA principles for pharmacologic therapy.pdf,7c2913f79b61bc60f8f51327bb73b80391988fd277116b29e57df4242b2a2404,e833b3ae588a84c0bd88178ef3086692d9a3cd3287bdd127a76da93b453a1a1e,tile,"[0.0,422.986,360.0,782.986]",normalized_0_1000,CONTROLLED_SOURCE_IMAGE/ada_page_002_tile_r03_c01.png,OMITTED_RAW_MODEL_JSON/visual_logic_page_002_tile_r03_c01.json,extracted_unvalidated,page_002_tile_r03_c01__symbols__Figure_9.1,figure,Figure 9.1—Choices of insulin plans in people with type 1 diabetes.,True,True,invalid,symbol_type 'presence_marker' does not match registry value 'relative_advantage'; ordinal_level 'unknown' does not match registry value 'high',"structure: The image does not contain any decision nodes or recommendation edges, as it is a static table presenting options rather than a flowchart or decision tree. The footnote provides additional context but no actionable clinical guidelines are directly visible in the form of arrows or decision points.; actions: No explicit recommendation-strength words are visible in the image. All strength indicators are represented by '+' symbols.; actions: The table does not contain arrows or decision nodes; it is a static comparison of options.; symbols: The figure does not contain explicit clinical guideline evidence such as 'strongly recommended', 'preferred', or 'not recommended' statements. It provides a comparative analysis based on flexibility and cost, which may be used in decision-making but is not direct guideline evidence.; symbols: The symbols for flexibility are ordinal scales (e.g., ++++), but the exact thresholds for what constitutes 'greater flexibility' are not defined in the figure or its caption.; context-dependent plus direction requires explicit human confirmation; symbol registry requires manual review",420323bd1dd8ce3de569b25d51a89f29d8ce699c926f2865cc81dd75a091a535,420323bd1dd8ce3de569b25d51a89f29d8ce699c926f2865cc81dd75a091a535,pending,,,,,False,MDI with LAA + RAA or URAA,Greater flexibility,+++,presence_marker,3,unknown,not_applicable,ordinal_scale,greater flexibility,MDI with LAA + RAA or URAA +++,"[390.0,125.0,640.0,158.0]"
p002-page-002-tile-r03-c01::page-002-tile-r03-c01-symbols-figure-9-1::symbol::symbol-002,page_002_tile_r03_c01,2,CONTROLLED_SOURCE_PDF/ADA principles for pharmacologic therapy.pdf,7c2913f79b61bc60f8f51327bb73b80391988fd277116b29e57df4242b2a2404,e833b3ae588a84c0bd88178ef3086692d9a3cd3287bdd127a76da93b453a1a1e,tile,"[0.0,422.986,360.0,782.986]",normalized_0_1000,CONTROLLED_SOURCE_IMAGE/ada_page_002_tile_r03_c01.png,OMITTED_RAW_MODEL_JSON/visual_logic_page_002_tile_r03_c01.json,extracted_unvalidated,page_002_tile_r03_c01__symbols__Figure_9.1,figure,Figure 9.1—Choices of insulin plans in people with type 1 diabetes.,True,True,invalid,symbol_count 2 does not match glyph count 1 in '+'; symbol_type 'presence_marker' does not match registry value 'relative_advantage'; symbol_count 2 does not match registry value 1; ordinal_level 'unknown' does not match registry value 'low',"structure: The image does not contain any decision nodes or recommendation edges, as it is a static table presenting options rather than a flowchart or decision tree. The footnote provides additional context but no actionable clinical guidelines are directly visible in the form of arrows or decision points.; actions: No explicit recommendation-strength words are visible in the image. All strength indicators are represented by '+' symbols.; actions: The table does not contain arrows or decision nodes; it is a static comparison of options.; symbols: The figure does not contain explicit clinical guideline evidence such as 'strongly recommended', 'preferred', or 'not recommended' statements. It provides a comparative analysis based on flexibility and cost, which may be used in decision-making but is not direct guideline evidence.; symbols: The symbols for flexibility are ordinal scales (e.g., ++++), but the exact thresholds for what constitutes 'greater flexibility' are not defined in the figure or its caption.; context-dependent plus direction requires explicit human confirmation; symbol registry requires manual review",c13c9c69e349c64a0aed3f86a753e222c811174b1d1ab3960d872724b5bc2050,c13c9c69e349c64a0aed3f86a753e222c811174b1d1ab3960d872724b5bc2050,pending,,,,,False,MDI with NPH + RAA or URAA,Greater flexibility,+,presence_marker,2,unknown,not_applicable,ordinal_scale,moderate flexibility,MDI with NPH + RAA or URAA ++,"[390.0,245.0,640.0,278.0]"
p002-page-002-tile-r03-c01::page-002-tile-r03-c01-symbols-figure-9-1::symbol::symbol-003,page_002_tile_r03_c01,2,CONTROLLED_SOURCE_PDF/ADA principles for pharmacologic therapy.pdf,7c2913f79b61bc60f8f51327bb73b80391988fd277116b29e57df4242b2a2404,e833b3ae588a84c0bd88178ef3086692d9a3cd3287bdd127a76da93b453a1a1e,tile,"[0.0,422.986,360.0,782.986]",normalized_0_1000,CONTROLLED_SOURCE_IMAGE/ada_page_002_tile_r03_c01.png,OMITTED_RAW_MODEL_JSON/visual_logic_page_002_tile_r03_c01.json,extracted_unvalidated,page_002_tile_r03_c01__symbols__Figure_9.1,figure,Figure 9.1—Choices of insulin plans in people with type 1 diabetes.,True,True,invalid,symbol_count 2 does not match glyph count 1 in '+'; symbol_type 'presence_marker' does not match registry value 'relative_advantage'; symbol_count 2 does not match registry value 1; ordinal_level 'unknown' does not match registry value 'low',"structure: The image does not contain any decision nodes or recommendation edges, as it is a static table presenting options rather than a flowchart or decision tree. The footnote provides additional context but no actionable clinical guidelines are directly visible in the form of arrows or decision points.; actions: No explicit recommendation-strength words are visible in the image. All strength indicators are represented by '+' symbols.; actions: The table does not contain arrows or decision nodes; it is a static comparison of options.; symbols: The figure does not contain explicit clinical guideline evidence such as 'strongly recommended', 'preferred', or 'not recommended' statements. It provides a comparative analysis based on flexibility and cost, which may be used in decision-making but is not direct guideline evidence.; symbols: The symbols for flexibility are ordinal scales (e.g., ++++), but the exact thresholds for what constitutes 'greater flexibility' are not defined in the figure or its caption.; context-dependent plus direction requires explicit human confirmation; symbol registry requires manual review",063d2248758a42dc45977103c78df6a2e8eae17dc5dc80b30945cf0a3eac5fdd,063d2248758a42dc45977103c78df6a2e8eae17dc5dc80b30945cf0a3eac5fdd,pending,,,,,False,MDI with NPH + short-acting (regular) insulin,Greater flexibility,+,presence_marker,2,unknown,not_applicable,ordinal_scale,moderate flexibility,MDI with NPH + short-acting (regular) insulin ++,"[390.0,285.0,640.0,318.0]"
p002-page-002-tile-r03-c01::page-002-tile-r03-c01-symbols-figure-9-1::symbol::symbol-004,page_002_tile_r03_c01,2,CONTROLLED_SOURCE_PDF/ADA principles for pharmacologic therapy.pdf,7c2913f79b61bc60f8f51327bb73b80391988fd277116b29e57df4242b2a2404,e833b3ae588a84c0bd88178ef3086692d9a3cd3287bdd127a76da93b453a1a1e,tile,"[0.0,422.986,360.0,782.986]",normalized_0_1000,CONTROLLED_SOURCE_IMAGE/ada_page_002_tile_r03_c01.png,OMITTED_RAW_MODEL_JSON/visual_logic_page_002_tile_r03_c01.json,extracted_unvalidated,page_002_tile_r03_c01__symbols__Figure_9.1,figure,Figure 9.1—Choices of insulin plans in people with type 1 diabetes.,True,True,invalid,symbol_type 'presence_marker' does not match registry value 'relative_advantage'; ordinal_level 'unknown' does not match registry value 'low',"structure: The image does not contain any decision nodes or recommendation edges, as it is a static table presenting options rather than a flowchart or decision tree. The footnote provides additional context but no actionable clinical guidelines are directly visible in the form of arrows or decision points.; actions: No explicit recommendation-strength words are visible in the image. All strength indicators are represented by '+' symbols.; actions: The table does not contain arrows or decision nodes; it is a static comparison of options.; symbols: The figure does not contain explicit clinical guideline evidence such as 'strongly recommended', 'preferred', or 'not recommended' statements. It provides a comparative analysis based on flexibility and cost, which may be used in decision-making but is not direct guideline evidence.; symbols: The symbols for flexibility are ordinal scales (e.g., ++++), but the exact thresholds for what constitutes 'greater flexibility' are not defined in the figure or its caption.; context-dependent plus direction requires explicit human confirmation; symbol registry requires manual review",ac36379b7626dbe0a63161d0d4a98f29f3bd022c68ea8e061215a00b3919aad6,ac36379b7626dbe0a63161d0d4a98f29f3bd022c68ea8e061215a00b3919aad6,pending,,,,,False,Two daily injections with NPH + short-acting (regular) insulin or premixed,Greater flexibility,+,presence_marker,1,unknown,not_applicable,ordinal_scale,low flexibility,Two daily injections with NPH + short-acting (regular) insulin or premixed +,"[390.0,325.0,640.0,358.0]"
p002-page-002-tile-r03-c01::page-002-tile-r03-c01-symbols-figure-9-1::symbol::symbol-005,page_002_tile_r03_c01,2,CONTROLLED_SOURCE_PDF/ADA principles for pharmacologic therapy.pdf,7c2913f79b61bc60f8f51327bb73b80391988fd277116b29e57df4242b2a2404,e833b3ae588a84c0bd88178ef3086692d9a3cd3287bdd127a76da93b453a1a1e,tile,"[0.0,422.986,360.0,782.986]",normalized_0_1000,CONTROLLED_SOURCE_IMAGE/ada_page_002_tile_r03_c01.png,OMITTED_RAW_MODEL_JSON/visual_logic_page_002_tile_r03_c01.json,extracted_unvalidated,page_002_tile_r03_c01__symbols__Figure_9.1,figure,Figure 9.1—Choices of insulin plans in people with type 1 diabetes.,True,True,invalid,symbol_type 'presence_marker' does not match registry value 'relative_advantage'; ordinal_level 'unknown' does not match registry value 'highest',"structure: The image does not contain any decision nodes or recommendation edges, as it is a static table presenting options rather than a flowchart or decision tree. The footnote provides additional context but no actionable clinical guidelines are directly visible in the form of arrows or decision points.; actions: No explicit recommendation-strength words are visible in the image. All strength indicators are represented by '+' symbols.; actions: The table does not contain arrows or decision nodes; it is a static comparison of options.; symbols: The figure does not contain explicit clinical guideline evidence such as 'strongly recommended', 'preferred', or 'not recommended' statements. It provides a comparative analysis based on flexibility and cost, which may be used in decision-making but is not direct guideline evidence.; symbols: The symbols for flexibility are ordinal scales (e.g., ++++), but the exact thresholds for what constitutes 'greater flexibility' are not defined in the figure or its caption.; context-dependent plus direction requires explicit human confirmation; symbol registry requires manual review",6b4e878138deb5f8295728bf1b1d9e1757c15debe14802e61c1aec219e89b883,6b4e878138deb5f8295728bf1b1d9e1757c15debe14802e61c1aec219e89b883,pending,,,,,False,Automated insulin delivery systems,Greater flexibility,+++++,presence_marker,5,unknown,not_applicable,ordinal_scale,highest flexibility,Automated insulin delivery systems +++++,"[390.0,565.0,640.0,598.0]"
p002-page-002-tile-r03-c01::page-002-tile-r03-c01-symbols-figure-9-1::symbol::symbol-006,page_002_tile_r03_c01,2,CONTROLLED_SOURCE_PDF/ADA principles for pharmacologic therapy.pdf,7c2913f79b61bc60f8f51327bb73b80391988fd277116b29e57df4242b2a2404,e833b3ae588a84c0bd88178ef3086692d9a3cd3287bdd127a76da93b453a1a1e,tile,"[0.0,422.986,360.0,782.986]",normalized_0_1000,CONTROLLED_SOURCE_IMAGE/ada_page_002_tile_r03_c01.png,OMITTED_RAW_MODEL_JSON/visual_logic_page_002_tile_r03_c01.json,extracted_unvalidated,page_002_tile_r03_c01__symbols__Figure_9.1,figure,Figure 9.1—Choices of insulin plans in people with type 1 diabetes.,True,True,invalid,symbol_count 4 does not match glyph count 5 in '+++++'; symbol_type 'presence_marker' does not match registry value 'relative_advantage'; symbol_count 4 does not match registry value 5; ordinal_level 'unknown' does not match registry value 'highest',"structure: The image does not contain any decision nodes or recommendation edges, as it is a static table presenting options rather than a flowchart or decision tree. The footnote provides additional context but no actionable clinical guidelines are directly visible in the form of arrows or decision points.; actions: No explicit recommendation-strength words are visible in the image. All strength indicators are represented by '+' symbols.; actions: The table does not contain arrows or decision nodes; it is a static comparison of options.; symbols: The figure does not contain explicit clinical guideline evidence such as 'strongly recommended', 'preferred', or 'not recommended' statements. It provides a comparative analysis based on flexibility and cost, which may be used in decision-making but is not direct guideline evidence.; symbols: The symbols for flexibility are ordinal scales (e.g., ++++), but the exact thresholds for what constitutes 'greater flexibility' are not defined in the figure or its caption.; context-dependent plus direction requires explicit human confirmation; symbol registry requires manual review",ade0da5086561e0904deb42a0ac2cac088294bce0a0a366656de4e541a2d813a,ade0da5086561e0904deb42a0ac2cac088294bce0a0a366656de4e541a2d813a,pending,,,,,False,Insulin pump with threshold/predictive low-glucose suspend,Greater flexibility,+++++,presence_marker,4,unknown,not_applicable,ordinal_scale,high flexibility,Insulin pump with threshold/predictive low-glucose suspend ++++,"[390.0,598.0,640.0,631.0]"
p002-page-002-tile-r03-c01::page-002-tile-r03-c01-symbols-figure-9-1::symbol::symbol-007,page_002_tile_r03_c01,2,CONTROLLED_SOURCE_PDF/ADA principles for pharmacologic therapy.pdf,7c2913f79b61bc60f8f51327bb73b80391988fd277116b29e57df4242b2a2404,e833b3ae588a84c0bd88178ef3086692d9a3cd3287bdd127a76da93b453a1a1e,tile,"[0.0,422.986,360.0,782.986]",normalized_0_1000,CONTROLLED_SOURCE_IMAGE/ada_page_002_tile_r03_c01.png,OMITTED_RAW_MODEL_JSON/visual_logic_page_002_tile_r03_c01.json,extracted_unvalidated,page_002_tile_r03_c01__symbols__Figure_9.1,figure,Figure 9.1—Choices of insulin plans in people with type 1 diabetes.,True,True,invalid,symbol_type 'presence_marker' does not match registry value 'relative_advantage'; ordinal_level 'unknown' does not match registry value 'high',"structure: The image does not contain any decision nodes or recommendation edges, as it is a static table presenting options rather than a flowchart or decision tree. The footnote provides additional context but no actionable clinical guidelines are directly visible in the form of arrows or decision points.; actions: No explicit recommendation-strength words are visible in the image. All strength indicators are represented by '+' symbols.; actions: The table does not contain arrows or decision nodes; it is a static comparison of options.; symbols: The figure does not contain explicit clinical guideline evidence such as 'strongly recommended', 'preferred', or 'not recommended' statements. It provides a comparative analysis based on flexibility and cost, which may be used in decision-making but is not direct guideline evidence.; symbols: The symbols for flexibility are ordinal scales (e.g., ++++), but the exact thresholds for what constitutes 'greater flexibility' are not defined in the figure or its caption.; context-dependent plus direction requires explicit human confirmation; symbol registry requires manual review",b47294928d2d1474ffd0c64a590acde2c578848eaa45de88c10c180703b0621b,b47294928d2d1474ffd0c64a590acde2c578848eaa45de88c10c180703b0621b,pending,,,,,False,Insulin pump therapy without automation,Greater flexibility,+++,presence_marker,3,unknown,not_applicable,ordinal_scale,moderate flexibility,Insulin pump therapy without automation +++,"[390.0,631.0,640.0,664.0]"
