asset_id,page_number,asset_type,image_path,image_sha256,evidence_bbox_space,source_pdf,source_pdf_sha256,bbox_x0,bbox_y0,bbox_x1,bbox_y1,visual_logic_json,model,model_digest,ollama_version,extraction_passes,status,error_message,figure_ids,table_ids
page_002_tile_r01_c01,2,tile,CONTROLLED_SOURCE_IMAGE/ada_page_002_tile_r01_c01.png,60267ead4957d41459a2d97fc92488544c8215720a8e2e5eca70d29fee452ec7,normalized_0_1000,CONTROLLED_SOURCE_PDF/ADA principles for pharmacologic therapy.pdf,7c2913f79b61bc60f8f51327bb73b80391988fd277116b29e57df4242b2a2404,0.0,0.0,360.0,360.0,OMITTED_RAW_MODEL_JSON/visual_logic_page_002_tile_r01_c01.json,qwen3-vl:8b-instruct,0533d74300e4f9bc367d675d4e64ffd073d50ff16a2b4096cc2e8a1cf8c96319,0.32.9,structure;actions;symbols,extracted_unvalidated,,Figure 9.1,
page_002_tile_r01_c02,2,tile,CONTROLLED_SOURCE_IMAGE/ada_page_002_tile_r01_c02.png,b802fc0ac32363321ba43b29c977c17536a41f3b027753bf6153a6825a2ac180,normalized_0_1000,CONTROLLED_SOURCE_PDF/ADA principles for pharmacologic therapy.pdf,7c2913f79b61bc60f8f51327bb73b80391988fd277116b29e57df4242b2a2404,233.972,0.0,593.972,360.0,OMITTED_RAW_MODEL_JSON/visual_logic_page_002_tile_r01_c02.json,qwen3-vl:8b-instruct,0533d74300e4f9bc367d675d4e64ffd073d50ff16a2b4096cc2e8a1cf8c96319,0.32.9,structure;actions;symbols,extracted_unvalidated,,Figure 9.1,
page_002_tile_r02_c01,2,tile,CONTROLLED_SOURCE_IMAGE/ada_page_002_tile_r02_c01.png,ece0396f5c3d6926929a1797003165ca8252d32e06aae7c44c3346a1c598af52,normalized_0_1000,CONTROLLED_SOURCE_PDF/ADA principles for pharmacologic therapy.pdf,7c2913f79b61bc60f8f51327bb73b80391988fd277116b29e57df4242b2a2404,0.0,288.0,360.0,648.0,OMITTED_RAW_MODEL_JSON/visual_logic_page_002_tile_r02_c01.json,qwen3-vl:8b-instruct,0533d74300e4f9bc367d675d4e64ffd073d50ff16a2b4096cc2e8a1cf8c96319,0.32.9,structure;actions;symbols,extracted_unvalidated,,Figure 9.1,
page_002_tile_r02_c02,2,tile,CONTROLLED_SOURCE_IMAGE/ada_page_002_tile_r02_c02.png,f761a65d6e49e7b14cdc072a399201a2178c180e4fa6a3adb1a8adf76a3734a3,normalized_0_1000,CONTROLLED_SOURCE_PDF/ADA principles for pharmacologic therapy.pdf,7c2913f79b61bc60f8f51327bb73b80391988fd277116b29e57df4242b2a2404,233.972,288.0,593.972,648.0,OMITTED_RAW_MODEL_JSON/visual_logic_page_002_tile_r02_c02.json,qwen3-vl:8b-instruct,0533d74300e4f9bc367d675d4e64ffd073d50ff16a2b4096cc2e8a1cf8c96319,0.32.9,structure;actions;symbols,extracted_unvalidated,,Figure 9.1,
page_002_tile_r03_c01,2,tile,CONTROLLED_SOURCE_IMAGE/ada_page_002_tile_r03_c01.png,e833b3ae588a84c0bd88178ef3086692d9a3cd3287bdd127a76da93b453a1a1e,normalized_0_1000,CONTROLLED_SOURCE_PDF/ADA principles for pharmacologic therapy.pdf,7c2913f79b61bc60f8f51327bb73b80391988fd277116b29e57df4242b2a2404,0.0,422.986,360.0,782.986,OMITTED_RAW_MODEL_JSON/visual_logic_page_002_tile_r03_c01.json,qwen3-vl:8b-instruct,0533d74300e4f9bc367d675d4e64ffd073d50ff16a2b4096cc2e8a1cf8c96319,0.32.9,structure;actions;symbols,extracted_unvalidated,,Figure 9.1,
page_002_tile_r03_c02,2,tile,CONTROLLED_SOURCE_IMAGE/ada_page_002_tile_r03_c02.png,ec48cd70e8ce5f2fc8a2f89cde38786dbf78cd0312c60cbb9885114d68326001,normalized_0_1000,CONTROLLED_SOURCE_PDF/ADA principles for pharmacologic therapy.pdf,7c2913f79b61bc60f8f51327bb73b80391988fd277116b29e57df4242b2a2404,233.972,422.986,593.972,782.986,OMITTED_RAW_MODEL_JSON/visual_logic_page_002_tile_r03_c02.json,qwen3-vl:8b-instruct,0533d74300e4f9bc367d675d4e64ffd073d50ff16a2b4096cc2e8a1cf8c96319,0.32.9,structure;actions;symbols,extracted_unvalidated,,Figure 9.1,
page_006_tile_r01_c01,6,tile,CONTROLLED_SOURCE_IMAGE/ada_page_006_tile_r01_c01.png,171481028df5f80b30a55353193e91568bfbd66504987ba8db080982192a624b,normalized_0_1000,CONTROLLED_SOURCE_PDF/ADA principles for pharmacologic therapy.pdf,7c2913f79b61bc60f8f51327bb73b80391988fd277116b29e57df4242b2a2404,0.0,0.0,360.0,360.0,OMITTED_RAW_MODEL_JSON/visual_logic_page_006_tile_r01_c01.json,qwen3-vl:8b-instruct,0533d74300e4f9bc367d675d4e64ffd073d50ff16a2b4096cc2e8a1cf8c96319,0.32.9,structure;actions;symbols,extracted_unvalidated,,Figure 9.2,
page_006_tile_r01_c02,6,tile,CONTROLLED_SOURCE_IMAGE/ada_page_006_tile_r01_c02.png,8dd16976076c4dc0b61fc940193599a3ad60084cff0f56c431772b1a0295828f,normalized_0_1000,CONTROLLED_SOURCE_PDF/ADA principles for pharmacologic therapy.pdf,7c2913f79b61bc60f8f51327bb73b80391988fd277116b29e57df4242b2a2404,233.972,0.0,593.972,360.0,OMITTED_RAW_MODEL_JSON/visual_logic_page_006_tile_r01_c02.json,qwen3-vl:8b-instruct,0533d74300e4f9bc367d675d4e64ffd073d50ff16a2b4096cc2e8a1cf8c96319,0.32.9,structure;actions;symbols,extracted_unvalidated,,Figure 9.2,
page_006_tile_r02_c01,6,tile,CONTROLLED_SOURCE_IMAGE/ada_page_006_tile_r02_c01.png,0929ca38ad29f903468637f26d74c7aa2879fd4c3c802648076823db14825893,normalized_0_1000,CONTROLLED_SOURCE_PDF/ADA principles for pharmacologic therapy.pdf,7c2913f79b61bc60f8f51327bb73b80391988fd277116b29e57df4242b2a2404,0.0,288.0,360.0,648.0,OMITTED_RAW_MODEL_JSON/visual_logic_page_006_tile_r02_c01.json,qwen3-vl:8b-instruct,0533d74300e4f9bc367d675d4e64ffd073d50ff16a2b4096cc2e8a1cf8c96319,0.32.9,structure;actions;symbols,extracted_unvalidated,,Figure 9.2,
page_006_tile_r02_c02,6,tile,CONTROLLED_SOURCE_IMAGE/ada_page_006_tile_r02_c02.png,189f76f27515916f3d3411dc8fd87f721266516d5734c1334b0faa8013a5aa29,normalized_0_1000,CONTROLLED_SOURCE_PDF/ADA principles for pharmacologic therapy.pdf,7c2913f79b61bc60f8f51327bb73b80391988fd277116b29e57df4242b2a2404,233.972,288.0,593.972,648.0,OMITTED_RAW_MODEL_JSON/visual_logic_page_006_tile_r02_c02.json,qwen3-vl:8b-instruct,0533d74300e4f9bc367d675d4e64ffd073d50ff16a2b4096cc2e8a1cf8c96319,0.32.9,structure;actions;symbols,extracted_unvalidated,,Figure 9.2,
page_006_tile_r03_c01,6,tile,CONTROLLED_SOURCE_IMAGE/ada_page_006_tile_r03_c01.png,6601c8b11be7ca96f1479172092cfbdf34b5526b3d2ea62d17f7bc2865037820,normalized_0_1000,CONTROLLED_SOURCE_PDF/ADA principles for pharmacologic therapy.pdf,7c2913f79b61bc60f8f51327bb73b80391988fd277116b29e57df4242b2a2404,0.0,422.986,360.0,782.986,OMITTED_RAW_MODEL_JSON/visual_logic_page_006_tile_r03_c01.json,qwen3-vl:8b-instruct,0533d74300e4f9bc367d675d4e64ffd073d50ff16a2b4096cc2e8a1cf8c96319,0.32.9,structure;actions;symbols,extracted_unvalidated,,Figure 9.2,
page_006_tile_r03_c02,6,tile,CONTROLLED_SOURCE_IMAGE/ada_page_006_tile_r03_c02.png,5296d4935241fe8927811379b16ae96590939bedd15e3cfe9f48da6cdbb8d001,normalized_0_1000,CONTROLLED_SOURCE_PDF/ADA principles for pharmacologic therapy.pdf,7c2913f79b61bc60f8f51327bb73b80391988fd277116b29e57df4242b2a2404,233.972,422.986,593.972,782.986,OMITTED_RAW_MODEL_JSON/visual_logic_page_006_tile_r03_c02.json,qwen3-vl:8b-instruct,0533d74300e4f9bc367d675d4e64ffd073d50ff16a2b4096cc2e8a1cf8c96319,0.32.9,structure;actions;symbols,extracted_unvalidated,,Figure 9.2,
page_008_tile_r01_c01,8,tile,CONTROLLED_SOURCE_IMAGE/ada_page_008_tile_r01_c01.png,f8d36aa60152781137f95dbfa9948f72c3abcef991554fd7a05fa82a29511d2e,normalized_0_1000,CONTROLLED_SOURCE_PDF/ADA principles for pharmacologic therapy.pdf,7c2913f79b61bc60f8f51327bb73b80391988fd277116b29e57df4242b2a2404,0.0,0.0,360.0,360.0,OMITTED_RAW_MODEL_JSON/visual_logic_page_008_tile_r01_c01.json,qwen3-vl:8b-instruct,0533d74300e4f9bc367d675d4e64ffd073d50ff16a2b4096cc2e8a1cf8c96319,0.32.9,structure;actions;symbols,extracted_unvalidated,,Figure 9.3,
page_008_tile_r01_c02,8,tile,CONTROLLED_SOURCE_IMAGE/ada_page_008_tile_r01_c02.png,f4bfc917ddcedd9b5ec93c8f1b295b48a6c0d1dce4eaddf946ffabcac741a5eb,normalized_0_1000,CONTROLLED_SOURCE_PDF/ADA principles for pharmacologic therapy.pdf,7c2913f79b61bc60f8f51327bb73b80391988fd277116b29e57df4242b2a2404,233.972,0.0,593.972,360.0,OMITTED_RAW_MODEL_JSON/visual_logic_page_008_tile_r01_c02.json,qwen3-vl:8b-instruct,0533d74300e4f9bc367d675d4e64ffd073d50ff16a2b4096cc2e8a1cf8c96319,0.32.9,structure;actions;symbols,extracted_unvalidated,,Figure 9.3,
page_008_tile_r02_c01,8,tile,CONTROLLED_SOURCE_IMAGE/ada_page_008_tile_r02_c01.png,7d73b7359ee28796a403b6afed90822798659994625f62d99fe9bbd9a137de23,normalized_0_1000,CONTROLLED_SOURCE_PDF/ADA principles for pharmacologic therapy.pdf,7c2913f79b61bc60f8f51327bb73b80391988fd277116b29e57df4242b2a2404,0.0,288.0,360.0,648.0,OMITTED_RAW_MODEL_JSON/visual_logic_page_008_tile_r02_c01.json,qwen3-vl:8b-instruct,0533d74300e4f9bc367d675d4e64ffd073d50ff16a2b4096cc2e8a1cf8c96319,0.32.9,structure;actions;symbols,extracted_unvalidated,,Figure 9.3,
page_008_tile_r02_c02,8,tile,CONTROLLED_SOURCE_IMAGE/ada_page_008_tile_r02_c02.png,ace732a4bfd77fb98fd4a927e34f9aa0eb9305a2fe1f8afb54d93dc67f496f70,normalized_0_1000,CONTROLLED_SOURCE_PDF/ADA principles for pharmacologic therapy.pdf,7c2913f79b61bc60f8f51327bb73b80391988fd277116b29e57df4242b2a2404,233.972,288.0,593.972,648.0,OMITTED_RAW_MODEL_JSON/visual_logic_page_008_tile_r02_c02.json,qwen3-vl:8b-instruct,0533d74300e4f9bc367d675d4e64ffd073d50ff16a2b4096cc2e8a1cf8c96319,0.32.9,structure;actions;symbols,extracted_unvalidated,,Figure 9.3,
page_008_tile_r03_c01,8,tile,CONTROLLED_SOURCE_IMAGE/ada_page_008_tile_r03_c01.png,bdd5fd01f22dca31c357ef9fd41b60912c77fec2ae71b82dce1f09920d44c2b6,normalized_0_1000,CONTROLLED_SOURCE_PDF/ADA principles for pharmacologic therapy.pdf,7c2913f79b61bc60f8f51327bb73b80391988fd277116b29e57df4242b2a2404,0.0,422.986,360.0,782.986,OMITTED_RAW_MODEL_JSON/visual_logic_page_008_tile_r03_c01.json,qwen3-vl:8b-instruct,0533d74300e4f9bc367d675d4e64ffd073d50ff16a2b4096cc2e8a1cf8c96319,0.32.9,structure;actions;symbols,extracted_unvalidated,,Figure 9.3,
page_008_tile_r03_c02,8,tile,CONTROLLED_SOURCE_IMAGE/ada_page_008_tile_r03_c02.png,6ff8b0fe2f77a5a8cd8c8358ed249e5a2082215e86b5279494e616364e00fdc7,normalized_0_1000,CONTROLLED_SOURCE_PDF/ADA principles for pharmacologic therapy.pdf,7c2913f79b61bc60f8f51327bb73b80391988fd277116b29e57df4242b2a2404,233.972,422.986,593.972,782.986,OMITTED_RAW_MODEL_JSON/visual_logic_page_008_tile_r03_c02.json,qwen3-vl:8b-instruct,0533d74300e4f9bc367d675d4e64ffd073d50ff16a2b4096cc2e8a1cf8c96319,0.32.9,structure;actions;symbols,extracted_unvalidated,,Figure 9.3,
page_009_tile_r01_c01,9,tile,CONTROLLED_SOURCE_IMAGE/ada_page_009_tile_r01_c01.png,23e55292fd35e93be8252d9109129584a161ccdce0f466df0c737432e53bc23e,normalized_0_1000,CONTROLLED_SOURCE_PDF/ADA principles for pharmacologic therapy.pdf,7c2913f79b61bc60f8f51327bb73b80391988fd277116b29e57df4242b2a2404,0.0,0.0,360.0,360.0,OMITTED_RAW_MODEL_JSON/visual_logic_page_009_tile_r01_c01.json,qwen3-vl:8b-instruct,0533d74300e4f9bc367d675d4e64ffd073d50ff16a2b4096cc2e8a1cf8c96319,0.32.9,structure;actions;symbols,extracted_unvalidated,,Figure 9.4,
page_009_tile_r01_c02,9,tile,CONTROLLED_SOURCE_IMAGE/ada_page_009_tile_r01_c02.png,ac9895088166584c4f4d973a5590b2d315454f82a669fd42fc3648381d58b5a1,normalized_0_1000,CONTROLLED_SOURCE_PDF/ADA principles for pharmacologic therapy.pdf,7c2913f79b61bc60f8f51327bb73b80391988fd277116b29e57df4242b2a2404,233.972,0.0,593.972,360.0,OMITTED_RAW_MODEL_JSON/visual_logic_page_009_tile_r01_c02.json,qwen3-vl:8b-instruct,0533d74300e4f9bc367d675d4e64ffd073d50ff16a2b4096cc2e8a1cf8c96319,0.32.9,structure;actions;symbols,extracted_unvalidated,,Figure 9.4,
page_009_tile_r02_c01,9,tile,CONTROLLED_SOURCE_IMAGE/ada_page_009_tile_r02_c01.png,936835293d1d5e15feb927064c3384c4f71d8817072e7850048a8ee7cb0d0396,normalized_0_1000,CONTROLLED_SOURCE_PDF/ADA principles for pharmacologic therapy.pdf,7c2913f79b61bc60f8f51327bb73b80391988fd277116b29e57df4242b2a2404,0.0,288.0,360.0,648.0,OMITTED_RAW_MODEL_JSON/visual_logic_page_009_tile_r02_c01.json,qwen3-vl:8b-instruct,0533d74300e4f9bc367d675d4e64ffd073d50ff16a2b4096cc2e8a1cf8c96319,0.32.9,structure;actions;symbols,extracted_unvalidated,,Figure 9.4,
page_009_tile_r02_c02,9,tile,CONTROLLED_SOURCE_IMAGE/ada_page_009_tile_r02_c02.png,16c3522a55a32f083a61b6c439e61e267b7d6d3d8e66f8cfe911c1143cba8dab,normalized_0_1000,CONTROLLED_SOURCE_PDF/ADA principles for pharmacologic therapy.pdf,7c2913f79b61bc60f8f51327bb73b80391988fd277116b29e57df4242b2a2404,233.972,288.0,593.972,648.0,OMITTED_RAW_MODEL_JSON/visual_logic_page_009_tile_r02_c02.json,qwen3-vl:8b-instruct,0533d74300e4f9bc367d675d4e64ffd073d50ff16a2b4096cc2e8a1cf8c96319,0.32.9,structure;actions;symbols,extracted_unvalidated,,Figure 9.4,
page_009_tile_r03_c01,9,tile,CONTROLLED_SOURCE_IMAGE/ada_page_009_tile_r03_c01.png,3154eb177bed280435b48352abedf71aabb52d08e790a9a99b77d726731f937d,normalized_0_1000,CONTROLLED_SOURCE_PDF/ADA principles for pharmacologic therapy.pdf,7c2913f79b61bc60f8f51327bb73b80391988fd277116b29e57df4242b2a2404,0.0,422.986,360.0,782.986,OMITTED_RAW_MODEL_JSON/visual_logic_page_009_tile_r03_c01.json,qwen3-vl:8b-instruct,0533d74300e4f9bc367d675d4e64ffd073d50ff16a2b4096cc2e8a1cf8c96319,0.32.9,structure;actions;symbols,extracted_unvalidated,,Figure 9.4,
page_009_tile_r03_c02,9,tile,CONTROLLED_SOURCE_IMAGE/ada_page_009_tile_r03_c02.png,cad6ccc08acb141c1614c55c006bdd7a2fe9a990d35d5625e05b34183b827230,normalized_0_1000,CONTROLLED_SOURCE_PDF/ADA principles for pharmacologic therapy.pdf,7c2913f79b61bc60f8f51327bb73b80391988fd277116b29e57df4242b2a2404,233.972,422.986,593.972,782.986,OMITTED_RAW_MODEL_JSON/visual_logic_page_009_tile_r03_c02.json,qwen3-vl:8b-instruct,0533d74300e4f9bc367d675d4e64ffd073d50ff16a2b4096cc2e8a1cf8c96319,0.32.9,structure;actions;symbols,extracted_unvalidated,,Figure 9.4,
page_011_tile_r01_c01,11,tile,CONTROLLED_SOURCE_IMAGE/ada_page_011_tile_r01_c01.png,5f10758abfd955e9ced7b2e41975e7ce744de867fefda679f42db97b9f13c509,normalized_0_1000,CONTROLLED_SOURCE_PDF/ADA principles for pharmacologic therapy.pdf,7c2913f79b61bc60f8f51327bb73b80391988fd277116b29e57df4242b2a2404,0.0,0.0,360.0,360.0,OMITTED_RAW_MODEL_JSON/visual_logic_page_011_tile_r01_c01.json,qwen3-vl:8b-instruct,0533d74300e4f9bc367d675d4e64ffd073d50ff16a2b4096cc2e8a1cf8c96319,0.32.9,structure;actions;symbols,extracted_unvalidated,,,Table 9.2
page_011_tile_r01_c02,11,tile,CONTROLLED_SOURCE_IMAGE/ada_page_011_tile_r01_c02.png,072e900f42fef63fcb3f0aa53ad921d9bdab4e27d514497a852fc12951881109,normalized_0_1000,CONTROLLED_SOURCE_PDF/ADA principles for pharmacologic therapy.pdf,7c2913f79b61bc60f8f51327bb73b80391988fd277116b29e57df4242b2a2404,233.972,0.0,593.972,360.0,OMITTED_RAW_MODEL_JSON/visual_logic_page_011_tile_r01_c02.json,qwen3-vl:8b-instruct,0533d74300e4f9bc367d675d4e64ffd073d50ff16a2b4096cc2e8a1cf8c96319,0.32.9,structure;actions;symbols,extracted_unvalidated,,,Table 9.2
page_011_tile_r02_c01,11,tile,CONTROLLED_SOURCE_IMAGE/ada_page_011_tile_r02_c01.png,150809d7dad192c1ffdaf4d968b570cc609c71b3f9ec6c86867c1aa987fd1b3a,normalized_0_1000,CONTROLLED_SOURCE_PDF/ADA principles for pharmacologic therapy.pdf,7c2913f79b61bc60f8f51327bb73b80391988fd277116b29e57df4242b2a2404,0.0,288.0,360.0,648.0,OMITTED_RAW_MODEL_JSON/visual_logic_page_011_tile_r02_c01.json,qwen3-vl:8b-instruct,0533d74300e4f9bc367d675d4e64ffd073d50ff16a2b4096cc2e8a1cf8c96319,0.32.9,structure;actions;symbols,extracted_unvalidated,,,Table 9.2
page_011_tile_r02_c02,11,tile,CONTROLLED_SOURCE_IMAGE/ada_page_011_tile_r02_c02.png,0796ea5c2efe0d3d2dc1bb0c6a9776207c7cb3b68b857d68ec1916c43be9f07d,normalized_0_1000,CONTROLLED_SOURCE_PDF/ADA principles for pharmacologic therapy.pdf,7c2913f79b61bc60f8f51327bb73b80391988fd277116b29e57df4242b2a2404,233.972,288.0,593.972,648.0,OMITTED_RAW_MODEL_JSON/visual_logic_page_011_tile_r02_c02.json,qwen3-vl:8b-instruct,0533d74300e4f9bc367d675d4e64ffd073d50ff16a2b4096cc2e8a1cf8c96319,0.32.9,structure;actions;symbols,extracted_unvalidated,,,Table 9.2
page_011_tile_r03_c01,11,tile,CONTROLLED_SOURCE_IMAGE/ada_page_011_tile_r03_c01.png,466b9feee26439dd7a20829372074aa318f619b50e40d5a0656b141c83b39913,normalized_0_1000,CONTROLLED_SOURCE_PDF/ADA principles for pharmacologic therapy.pdf,7c2913f79b61bc60f8f51327bb73b80391988fd277116b29e57df4242b2a2404,0.0,422.986,360.0,782.986,OMITTED_RAW_MODEL_JSON/visual_logic_page_011_tile_r03_c01.json,qwen3-vl:8b-instruct,0533d74300e4f9bc367d675d4e64ffd073d50ff16a2b4096cc2e8a1cf8c96319,0.32.9,structure;actions;symbols,extracted_unvalidated,,,Table 9.2
page_011_tile_r03_c02,11,tile,CONTROLLED_SOURCE_IMAGE/ada_page_011_tile_r03_c02.png,ada87448a253a63d93e3fe56b25effb6aba0e98b76e6009bdaeaf2c0cf5e2a25,normalized_0_1000,CONTROLLED_SOURCE_PDF/ADA principles for pharmacologic therapy.pdf,7c2913f79b61bc60f8f51327bb73b80391988fd277116b29e57df4242b2a2404,233.972,422.986,593.972,782.986,OMITTED_RAW_MODEL_JSON/visual_logic_page_011_tile_r03_c02.json,qwen3-vl:8b-instruct,0533d74300e4f9bc367d675d4e64ffd073d50ff16a2b4096cc2e8a1cf8c96319,0.32.9,structure;actions;symbols,extracted_unvalidated,,,Table 9.2
page_012_tile_r01_c01,12,tile,CONTROLLED_SOURCE_IMAGE/ada_page_012_tile_r01_c01.png,2827f69cbe55c85bc309ea480faff078e76c008ba8afce0bdf46a42d09594dbe,normalized_0_1000,CONTROLLED_SOURCE_PDF/ADA principles for pharmacologic therapy.pdf,7c2913f79b61bc60f8f51327bb73b80391988fd277116b29e57df4242b2a2404,0.0,0.0,360.0,360.0,OMITTED_RAW_MODEL_JSON/visual_logic_page_012_tile_r01_c01.json,qwen3-vl:8b-instruct,0533d74300e4f9bc367d675d4e64ffd073d50ff16a2b4096cc2e8a1cf8c96319,0.32.9,structure;actions;symbols,extracted_unvalidated,,,Table 9.2
page_012_tile_r01_c02,12,tile,CONTROLLED_SOURCE_IMAGE/ada_page_012_tile_r01_c02.png,32f3f43b420f45c338a8137f0ad729df5612332c540edfc2a13a253cb54d406b,normalized_0_1000,CONTROLLED_SOURCE_PDF/ADA principles for pharmacologic therapy.pdf,7c2913f79b61bc60f8f51327bb73b80391988fd277116b29e57df4242b2a2404,233.972,0.0,593.972,360.0,OMITTED_RAW_MODEL_JSON/visual_logic_page_012_tile_r01_c02.json,qwen3-vl:8b-instruct,0533d74300e4f9bc367d675d4e64ffd073d50ff16a2b4096cc2e8a1cf8c96319,0.32.9,structure;actions;symbols,extracted_unvalidated,,,Table 9.2
page_012_tile_r02_c01,12,tile,CONTROLLED_SOURCE_IMAGE/ada_page_012_tile_r02_c01.png,8b273dcf90983c0ed7bccc297f0e9ed4fc845b5877a87fa215c45fe51c6167d2,normalized_0_1000,CONTROLLED_SOURCE_PDF/ADA principles for pharmacologic therapy.pdf,7c2913f79b61bc60f8f51327bb73b80391988fd277116b29e57df4242b2a2404,0.0,288.0,360.0,648.0,OMITTED_RAW_MODEL_JSON/visual_logic_page_012_tile_r02_c01.json,qwen3-vl:8b-instruct,0533d74300e4f9bc367d675d4e64ffd073d50ff16a2b4096cc2e8a1cf8c96319,0.32.9,structure;actions;symbols,extracted_unvalidated,,,Table 9.2
page_012_tile_r02_c02,12,tile,CONTROLLED_SOURCE_IMAGE/ada_page_012_tile_r02_c02.png,0b10c0d8095e179b9666ab9330f998052c4e1aef6ee1e69fc5996db3a3269a2e,normalized_0_1000,CONTROLLED_SOURCE_PDF/ADA principles for pharmacologic therapy.pdf,7c2913f79b61bc60f8f51327bb73b80391988fd277116b29e57df4242b2a2404,233.972,288.0,593.972,648.0,OMITTED_RAW_MODEL_JSON/visual_logic_page_012_tile_r02_c02.json,qwen3-vl:8b-instruct,0533d74300e4f9bc367d675d4e64ffd073d50ff16a2b4096cc2e8a1cf8c96319,0.32.9,structure;actions;symbols,extracted_unvalidated,,,Table 9.2
page_012_tile_r03_c01,12,tile,CONTROLLED_SOURCE_IMAGE/ada_page_012_tile_r03_c01.png,26581b063f5c1a25a920d7724c68ddb037c1fe3dd41089fc5bd8d2b750844be9,normalized_0_1000,CONTROLLED_SOURCE_PDF/ADA principles for pharmacologic therapy.pdf,7c2913f79b61bc60f8f51327bb73b80391988fd277116b29e57df4242b2a2404,0.0,422.986,360.0,782.986,OMITTED_RAW_MODEL_JSON/visual_logic_page_012_tile_r03_c01.json,qwen3-vl:8b-instruct,0533d74300e4f9bc367d675d4e64ffd073d50ff16a2b4096cc2e8a1cf8c96319,0.32.9,structure;actions;symbols,extracted_unvalidated,,,Table 9.2
page_012_tile_r03_c02,12,tile,CONTROLLED_SOURCE_IMAGE/ada_page_012_tile_r03_c02.png,c244adf1e10912dd13fb1665f645a3166d5217658821d6b3e779ef0590bd3b74,normalized_0_1000,CONTROLLED_SOURCE_PDF/ADA principles for pharmacologic therapy.pdf,7c2913f79b61bc60f8f51327bb73b80391988fd277116b29e57df4242b2a2404,233.972,422.986,593.972,782.986,OMITTED_RAW_MODEL_JSON/visual_logic_page_012_tile_r03_c02.json,qwen3-vl:8b-instruct,0533d74300e4f9bc367d675d4e64ffd073d50ff16a2b4096cc2e8a1cf8c96319,0.32.9,structure;actions;symbols,extracted_unvalidated,,,Table 9.2
page_013_tile_r01_c01,13,tile,CONTROLLED_SOURCE_IMAGE/ada_page_013_tile_r01_c01.png,369f34fe74ff8589553d7d52ed3dee302203f9a057b88e94d303834a9e4063fb,normalized_0_1000,CONTROLLED_SOURCE_PDF/ADA principles for pharmacologic therapy.pdf,7c2913f79b61bc60f8f51327bb73b80391988fd277116b29e57df4242b2a2404,0.0,0.0,360.0,360.0,OMITTED_RAW_MODEL_JSON/visual_logic_page_013_tile_r01_c01.json,qwen3-vl:8b-instruct,0533d74300e4f9bc367d675d4e64ffd073d50ff16a2b4096cc2e8a1cf8c96319,0.32.9,structure;actions;symbols,extracted_unvalidated,,,Table 9.2
page_013_tile_r01_c02,13,tile,CONTROLLED_SOURCE_IMAGE/ada_page_013_tile_r01_c02.png,f3efc3b15895546cdbfedcb444bd539ed8d9d791fb77c9b03b54bd224ab6be43,normalized_0_1000,CONTROLLED_SOURCE_PDF/ADA principles for pharmacologic therapy.pdf,7c2913f79b61bc60f8f51327bb73b80391988fd277116b29e57df4242b2a2404,233.972,0.0,593.972,360.0,OMITTED_RAW_MODEL_JSON/visual_logic_page_013_tile_r01_c02.json,qwen3-vl:8b-instruct,0533d74300e4f9bc367d675d4e64ffd073d50ff16a2b4096cc2e8a1cf8c96319,0.32.9,structure;actions;symbols,extracted_unvalidated,,,Table 9.2
page_013_tile_r02_c01,13,tile,CONTROLLED_SOURCE_IMAGE/ada_page_013_tile_r02_c01.png,4d4b09502aa8814aa21a223a495388d035742a0b2c738fcd17fd03afa50bfd5f,normalized_0_1000,CONTROLLED_SOURCE_PDF/ADA principles for pharmacologic therapy.pdf,7c2913f79b61bc60f8f51327bb73b80391988fd277116b29e57df4242b2a2404,0.0,288.0,360.0,648.0,OMITTED_RAW_MODEL_JSON/visual_logic_page_013_tile_r02_c01.json,qwen3-vl:8b-instruct,0533d74300e4f9bc367d675d4e64ffd073d50ff16a2b4096cc2e8a1cf8c96319,0.32.9,structure;actions;symbols,extracted_unvalidated,,,Table 9.2
page_013_tile_r02_c02,13,tile,CONTROLLED_SOURCE_IMAGE/ada_page_013_tile_r02_c02.png,316ceeb13b608d604e6a9dd48559fbdac12ac4050f59e08fe34ed29ee2f25609,normalized_0_1000,CONTROLLED_SOURCE_PDF/ADA principles for pharmacologic therapy.pdf,7c2913f79b61bc60f8f51327bb73b80391988fd277116b29e57df4242b2a2404,233.972,288.0,593.972,648.0,OMITTED_RAW_MODEL_JSON/visual_logic_page_013_tile_r02_c02.json,qwen3-vl:8b-instruct,0533d74300e4f9bc367d675d4e64ffd073d50ff16a2b4096cc2e8a1cf8c96319,0.32.9,structure;actions;symbols,extracted_unvalidated,,,Table 9.2
page_013_tile_r03_c01,13,tile,CONTROLLED_SOURCE_IMAGE/ada_page_013_tile_r03_c01.png,cae23fe251f4f6ee32c6e90277f9293fd969edc6f6740153778500412e409dc6,normalized_0_1000,CONTROLLED_SOURCE_PDF/ADA principles for pharmacologic therapy.pdf,7c2913f79b61bc60f8f51327bb73b80391988fd277116b29e57df4242b2a2404,0.0,422.986,360.0,782.986,OMITTED_RAW_MODEL_JSON/visual_logic_page_013_tile_r03_c01.json,qwen3-vl:8b-instruct,0533d74300e4f9bc367d675d4e64ffd073d50ff16a2b4096cc2e8a1cf8c96319,0.32.9,structure;actions;symbols,extracted_unvalidated,,,Table 9.2
page_013_tile_r03_c02,13,tile,CONTROLLED_SOURCE_IMAGE/ada_page_013_tile_r03_c02.png,336ba11c11e116337789838a68c85271493095fa4b522d63e8c9725ed8553c2b,normalized_0_1000,CONTROLLED_SOURCE_PDF/ADA principles for pharmacologic therapy.pdf,7c2913f79b61bc60f8f51327bb73b80391988fd277116b29e57df4242b2a2404,233.972,422.986,593.972,782.986,OMITTED_RAW_MODEL_JSON/visual_logic_page_013_tile_r03_c02.json,qwen3-vl:8b-instruct,0533d74300e4f9bc367d675d4e64ffd073d50ff16a2b4096cc2e8a1cf8c96319,0.32.9,structure;actions;symbols,extracted_unvalidated,,,Table 9.2
page_014_tile_r01_c01,14,tile,CONTROLLED_SOURCE_IMAGE/ada_page_014_tile_r01_c01.png,3eb354228aa145a560b3e745fb5ebcbd0b21549ec83340b3c648916562b50077,normalized_0_1000,CONTROLLED_SOURCE_PDF/ADA principles for pharmacologic therapy.pdf,7c2913f79b61bc60f8f51327bb73b80391988fd277116b29e57df4242b2a2404,0.0,0.0,360.0,360.0,OMITTED_RAW_MODEL_JSON/visual_logic_page_014_tile_r01_c01.json,qwen3-vl:8b-instruct,0533d74300e4f9bc367d675d4e64ffd073d50ff16a2b4096cc2e8a1cf8c96319,0.32.9,structure;actions;symbols,extracted_unvalidated,,,Table 9.2
page_014_tile_r01_c02,14,tile,CONTROLLED_SOURCE_IMAGE/ada_page_014_tile_r01_c02.png,4222c0f06e35793f86dc0ef492eb9da6f498b0fa694439049776da93f692d0ba,normalized_0_1000,CONTROLLED_SOURCE_PDF/ADA principles for pharmacologic therapy.pdf,7c2913f79b61bc60f8f51327bb73b80391988fd277116b29e57df4242b2a2404,233.972,0.0,593.972,360.0,OMITTED_RAW_MODEL_JSON/visual_logic_page_014_tile_r01_c02.json,qwen3-vl:8b-instruct,0533d74300e4f9bc367d675d4e64ffd073d50ff16a2b4096cc2e8a1cf8c96319,0.32.9,structure;actions;symbols,extracted_unvalidated,,,Table 9.2
page_014_tile_r02_c01,14,tile,CONTROLLED_SOURCE_IMAGE/ada_page_014_tile_r02_c01.png,f77304343933a47c7c8444b6c164011c0692072ed51b616f8803bd6e2a345ca5,normalized_0_1000,CONTROLLED_SOURCE_PDF/ADA principles for pharmacologic therapy.pdf,7c2913f79b61bc60f8f51327bb73b80391988fd277116b29e57df4242b2a2404,0.0,288.0,360.0,648.0,OMITTED_RAW_MODEL_JSON/visual_logic_page_014_tile_r02_c01.json,qwen3-vl:8b-instruct,0533d74300e4f9bc367d675d4e64ffd073d50ff16a2b4096cc2e8a1cf8c96319,0.32.9,structure;actions;symbols,extracted_unvalidated,,,Table 9.2
page_014_tile_r02_c02,14,tile,CONTROLLED_SOURCE_IMAGE/ada_page_014_tile_r02_c02.png,344a985048e367ad68cd7d786866f7ede64ee47e58fc131a2a21876b8a942f46,normalized_0_1000,CONTROLLED_SOURCE_PDF/ADA principles for pharmacologic therapy.pdf,7c2913f79b61bc60f8f51327bb73b80391988fd277116b29e57df4242b2a2404,233.972,288.0,593.972,648.0,OMITTED_RAW_MODEL_JSON/visual_logic_page_014_tile_r02_c02.json,qwen3-vl:8b-instruct,0533d74300e4f9bc367d675d4e64ffd073d50ff16a2b4096cc2e8a1cf8c96319,0.32.9,structure;actions;symbols,extracted_unvalidated,,,Table 9.2
page_014_tile_r03_c01,14,tile,CONTROLLED_SOURCE_IMAGE/ada_page_014_tile_r03_c01.png,08908abddf0a607bfaebc87232783bf89089b427668ed7147eee4bab1b306dad,normalized_0_1000,CONTROLLED_SOURCE_PDF/ADA principles for pharmacologic therapy.pdf,7c2913f79b61bc60f8f51327bb73b80391988fd277116b29e57df4242b2a2404,0.0,422.986,360.0,782.986,OMITTED_RAW_MODEL_JSON/visual_logic_page_014_tile_r03_c01.json,qwen3-vl:8b-instruct,0533d74300e4f9bc367d675d4e64ffd073d50ff16a2b4096cc2e8a1cf8c96319,0.32.9,structure;actions;symbols,extracted_unvalidated,,,Table 9.2
page_014_tile_r03_c02,14,tile,CONTROLLED_SOURCE_IMAGE/ada_page_014_tile_r03_c02.png,869a35951ffde4367efcc075da2f6fe1d42dff15fed871e3de02d73dc235a4bf,normalized_0_1000,CONTROLLED_SOURCE_PDF/ADA principles for pharmacologic therapy.pdf,7c2913f79b61bc60f8f51327bb73b80391988fd277116b29e57df4242b2a2404,233.972,422.986,593.972,782.986,OMITTED_RAW_MODEL_JSON/visual_logic_page_014_tile_r03_c02.json,qwen3-vl:8b-instruct,0533d74300e4f9bc367d675d4e64ffd073d50ff16a2b4096cc2e8a1cf8c96319,0.32.9,structure;actions;symbols,extracted_unvalidated,,,Table 9.2
page_016_tile_r01_c01,16,tile,CONTROLLED_SOURCE_IMAGE/ada_page_016_tile_r01_c01.png,d850c41ab1506eb8c63dab03c386e6ec32615a0e553ba2cafb87df4ac5a4dc93,normalized_0_1000,CONTROLLED_SOURCE_PDF/ADA principles for pharmacologic therapy.pdf,7c2913f79b61bc60f8f51327bb73b80391988fd277116b29e57df4242b2a2404,0.0,0.0,360.0,360.0,OMITTED_RAW_MODEL_JSON/visual_logic_page_016_tile_r01_c01.json,qwen3-vl:8b-instruct,0533d74300e4f9bc367d675d4e64ffd073d50ff16a2b4096cc2e8a1cf8c96319,0.32.9,structure;actions;symbols,extracted_unvalidated,,Figure 9.5,
page_016_tile_r01_c02,16,tile,CONTROLLED_SOURCE_IMAGE/ada_page_016_tile_r01_c02.png,81a3d24fd82a123a33c82efc918dc6cd04dacaee7180b66afbacfb9d38b6e5f2,normalized_0_1000,CONTROLLED_SOURCE_PDF/ADA principles for pharmacologic therapy.pdf,7c2913f79b61bc60f8f51327bb73b80391988fd277116b29e57df4242b2a2404,233.972,0.0,593.972,360.0,OMITTED_RAW_MODEL_JSON/visual_logic_page_016_tile_r01_c02.json,qwen3-vl:8b-instruct,0533d74300e4f9bc367d675d4e64ffd073d50ff16a2b4096cc2e8a1cf8c96319,0.32.9,structure;actions;symbols,extracted_unvalidated,,Figure 9.5,
page_016_tile_r02_c01,16,tile,CONTROLLED_SOURCE_IMAGE/ada_page_016_tile_r02_c01.png,ccce6deda1722bc0d79f8651e2c15da7aee0156e3cddab5d7bf21c7a77628d65,normalized_0_1000,CONTROLLED_SOURCE_PDF/ADA principles for pharmacologic therapy.pdf,7c2913f79b61bc60f8f51327bb73b80391988fd277116b29e57df4242b2a2404,0.0,288.0,360.0,648.0,OMITTED_RAW_MODEL_JSON/visual_logic_page_016_tile_r02_c01.json,qwen3-vl:8b-instruct,0533d74300e4f9bc367d675d4e64ffd073d50ff16a2b4096cc2e8a1cf8c96319,0.32.9,structure;actions;symbols,extracted_unvalidated,,Figure 9.5,
page_016_tile_r02_c02,16,tile,CONTROLLED_SOURCE_IMAGE/ada_page_016_tile_r02_c02.png,a27cdba8ff2cf5319432911a83c311d8ee007fce5d98d9876db31897949a8e49,normalized_0_1000,CONTROLLED_SOURCE_PDF/ADA principles for pharmacologic therapy.pdf,7c2913f79b61bc60f8f51327bb73b80391988fd277116b29e57df4242b2a2404,233.972,288.0,593.972,648.0,OMITTED_RAW_MODEL_JSON/visual_logic_page_016_tile_r02_c02.json,qwen3-vl:8b-instruct,0533d74300e4f9bc367d675d4e64ffd073d50ff16a2b4096cc2e8a1cf8c96319,0.32.9,structure;actions;symbols,extracted_unvalidated,,Figure 9.5,
page_016_tile_r03_c01,16,tile,CONTROLLED_SOURCE_IMAGE/ada_page_016_tile_r03_c01.png,261a22de3ea4dd739c4ea54401373f7095a181f29eccf2ad65f6e59c8356f15a,normalized_0_1000,CONTROLLED_SOURCE_PDF/ADA principles for pharmacologic therapy.pdf,7c2913f79b61bc60f8f51327bb73b80391988fd277116b29e57df4242b2a2404,0.0,422.986,360.0,782.986,OMITTED_RAW_MODEL_JSON/visual_logic_page_016_tile_r03_c01.json,qwen3-vl:8b-instruct,0533d74300e4f9bc367d675d4e64ffd073d50ff16a2b4096cc2e8a1cf8c96319,0.32.9,structure;actions;symbols,extracted_unvalidated,,Figure 9.5,
page_016_tile_r03_c02,16,tile,CONTROLLED_SOURCE_IMAGE/ada_page_016_tile_r03_c02.png,460881c76000908bd06cfa8334dfc551a9266b16ed527bd8539d26164692086b,normalized_0_1000,CONTROLLED_SOURCE_PDF/ADA principles for pharmacologic therapy.pdf,7c2913f79b61bc60f8f51327bb73b80391988fd277116b29e57df4242b2a2404,233.972,422.986,593.972,782.986,OMITTED_RAW_MODEL_JSON/visual_logic_page_016_tile_r03_c02.json,qwen3-vl:8b-instruct,0533d74300e4f9bc367d675d4e64ffd073d50ff16a2b4096cc2e8a1cf8c96319,0.32.9,structure;actions;symbols,extracted_unvalidated,,Figure 9.5,
page_021_tile_r01_c01,21,tile,CONTROLLED_SOURCE_IMAGE/ada_page_021_tile_r01_c01.png,1cb8ea35e623dfd0d10b90b6dca2b16f06408151760a26c996136baf728b7e8b,normalized_0_1000,CONTROLLED_SOURCE_PDF/ADA principles for pharmacologic therapy.pdf,7c2913f79b61bc60f8f51327bb73b80391988fd277116b29e57df4242b2a2404,0.0,0.0,360.0,360.0,OMITTED_RAW_MODEL_JSON/visual_logic_page_021_tile_r01_c01.json,qwen3-vl:8b-instruct,0533d74300e4f9bc367d675d4e64ffd073d50ff16a2b4096cc2e8a1cf8c96319,0.32.9,structure;actions;symbols,extracted_unvalidated,,,Table 9.3
page_021_tile_r01_c02,21,tile,CONTROLLED_SOURCE_IMAGE/ada_page_021_tile_r01_c02.png,6d80b6127200fbbeb1e788072ccccbcf673edf9a00074a246edd6701d9097f61,normalized_0_1000,CONTROLLED_SOURCE_PDF/ADA principles for pharmacologic therapy.pdf,7c2913f79b61bc60f8f51327bb73b80391988fd277116b29e57df4242b2a2404,233.972,0.0,593.972,360.0,OMITTED_RAW_MODEL_JSON/visual_logic_page_021_tile_r01_c02.json,qwen3-vl:8b-instruct,0533d74300e4f9bc367d675d4e64ffd073d50ff16a2b4096cc2e8a1cf8c96319,0.32.9,structure;actions;symbols,extracted_unvalidated,,,Table 9.3
page_021_tile_r02_c01,21,tile,CONTROLLED_SOURCE_IMAGE/ada_page_021_tile_r02_c01.png,d3a7bd7426ca7c79a75a06e769e9959c44e30b14ce9198346d0506368f6b9231,normalized_0_1000,CONTROLLED_SOURCE_PDF/ADA principles for pharmacologic therapy.pdf,7c2913f79b61bc60f8f51327bb73b80391988fd277116b29e57df4242b2a2404,0.0,288.0,360.0,648.0,OMITTED_RAW_MODEL_JSON/visual_logic_page_021_tile_r02_c01.json,qwen3-vl:8b-instruct,0533d74300e4f9bc367d675d4e64ffd073d50ff16a2b4096cc2e8a1cf8c96319,0.32.9,structure;actions;symbols,extracted_unvalidated,,,Table 9.3
page_021_tile_r02_c02,21,tile,CONTROLLED_SOURCE_IMAGE/ada_page_021_tile_r02_c02.png,a00fa433186f565521b309d1b72365540267c539868f6e7a5712ce92bb0b7f47,normalized_0_1000,CONTROLLED_SOURCE_PDF/ADA principles for pharmacologic therapy.pdf,7c2913f79b61bc60f8f51327bb73b80391988fd277116b29e57df4242b2a2404,233.972,288.0,593.972,648.0,OMITTED_RAW_MODEL_JSON/visual_logic_page_021_tile_r02_c02.json,qwen3-vl:8b-instruct,0533d74300e4f9bc367d675d4e64ffd073d50ff16a2b4096cc2e8a1cf8c96319,0.32.9,structure;actions;symbols,extracted_unvalidated,,,Table 9.3
page_021_tile_r03_c01,21,tile,CONTROLLED_SOURCE_IMAGE/ada_page_021_tile_r03_c01.png,68c5cdab186ed708ab6e0055d50ffb5d5106a2e799d4de1593469d61e3b4dbb4,normalized_0_1000,CONTROLLED_SOURCE_PDF/ADA principles for pharmacologic therapy.pdf,7c2913f79b61bc60f8f51327bb73b80391988fd277116b29e57df4242b2a2404,0.0,422.986,360.0,782.986,OMITTED_RAW_MODEL_JSON/visual_logic_page_021_tile_r03_c01.json,qwen3-vl:8b-instruct,0533d74300e4f9bc367d675d4e64ffd073d50ff16a2b4096cc2e8a1cf8c96319,0.32.9,structure;actions;symbols,extracted_unvalidated,,,Table 9.3
page_021_tile_r03_c02,21,tile,CONTROLLED_SOURCE_IMAGE/ada_page_021_tile_r03_c02.png,a056873093f34dab8309c33c82e66fadb799a04becc3fad04d129149e4877353,normalized_0_1000,CONTROLLED_SOURCE_PDF/ADA principles for pharmacologic therapy.pdf,7c2913f79b61bc60f8f51327bb73b80391988fd277116b29e57df4242b2a2404,233.972,422.986,593.972,782.986,OMITTED_RAW_MODEL_JSON/visual_logic_page_021_tile_r03_c02.json,qwen3-vl:8b-instruct,0533d74300e4f9bc367d675d4e64ffd073d50ff16a2b4096cc2e8a1cf8c96319,0.32.9,structure;actions;symbols,extracted_unvalidated,,,Table 9.3
