candidate_phrase,matched_full_text,n
and potentially,and potentially 2 mg,1
before lunch and,before lunch and 4 units,1
ckd with albuminuria,CKD with albuminuria 260 mg,1
dose increased from,Dose increased from 7.5 mg,1
given ckd with uacr,given CKD with UACR 360 mg,1
increased from,increased from 10 mg,1
indicated with uacr,indicated with UACR 180 mg,1
not exceed,not exceed 1000 mg,1
subcutaneously before breakfast and,subcutaneously before breakfast and 4 units,1
subcutaneously before lunch and,subcutaneously before lunch and 5 units,1
take,Take 10 mg,1
take,take 500 mg,1
with dose increase from,with dose INCREASE from 34 units,1
